This is pdfTeX, Version 3.141592653-2.6-1.40.25 (TeX Live 2023/Debian) (preloaded format=pdflatex 2026.6.14)  21 SEP 2026 13:30
entering extended mode
 restricted \write18 enabled.
 file:line:error style messages enabled.
 %&-line parsing enabled.
**/home/das-un/MasterThesis/MasterThesis/LateX-Vorlage/vorlage.tex
(/home/das-un/MasterThesis/MasterThesis/LateX-Vorlage/vorlage.tex
LaTeX2e <2023-11-01> patch level 1
L3 programming layer <2024-01-22>
(./preamble/pre-class.tex) (/usr/share/texlive/texmf-dist/tex/latex/koma-script/scrbook.cls
Document Class: scrbook 2023/07/07 v3.41 KOMA-Script document class (book)
(/usr/share/texlive/texmf-dist/tex/latex/koma-script/scrkbase.sty
Package: scrkbase 2023/07/07 v3.41 KOMA-Script package (KOMA-Script-dependent basics and keyval usage)
 (/usr/share/texlive/texmf-dist/tex/latex/koma-script/scrbase.sty
Package: scrbase 2023/07/07 v3.41 KOMA-Script package (KOMA-Script-independent basics and keyval usage)
 (/usr/share/texlive/texmf-dist/tex/latex/koma-script/scrlfile.sty
Package: scrlfile 2023/07/07 v3.41 KOMA-Script package (file load hooks)
 (/usr/share/texlive/texmf-dist/tex/latex/koma-script/scrlfile-hook.sty
Package: scrlfile-hook 2023/07/07 v3.41 KOMA-Script package (using LaTeX hooks)
 (/usr/share/texlive/texmf-dist/tex/latex/koma-script/scrlogo.sty
Package: scrlogo 2023/07/07 v3.41 KOMA-Script package (logo)
))) (/usr/share/texlive/texmf-dist/tex/latex/graphics/keyval.sty
Package: keyval 2022/05/29 v1.15 key=value parser (DPC)
\KV@toks@=\toks17
)
Applying: [2021/05/01] Usage of raw or classic option list on input line 252.
Already applied: [0000/00/00] Usage of raw or classic option list on input line 368.
)) (/usr/share/texlive/texmf-dist/tex/latex/koma-script/tocbasic.sty
Package: tocbasic 2023/07/07 v3.41 KOMA-Script package (handling toc-files)
\scr@dte@tocline@numberwidth=\skip48
\scr@dte@tocline@numbox=\box51
)
Package tocbasic Info: omitting babel extension for `toc'
(tocbasic)             because of feature `nobabel' available
(tocbasic)             for `toc' on input line 135.
Class scrbook Info: You've used standard option `final'.
(scrbook)           This is correct!
(scrbook)           Internally I'm using `draft=false'.
(scrbook)           If you'd like to set the option with \KOMAoptions,
(scrbook)           you'd have to use `draft=false' there
(scrbook)           instead of `final', too.
Package scrbook Info: You've used standard option `11pt'.
(scrbook)             This is correct!
(scrbook)             Internally I'm using `fontsize=11pt'.
(scrbook)             If you'd like to set the option with \KOMAoptions,
(scrbook)             you'd have to use `fontsize=11pt' there
(scrbook)             instead of `11pt', too.
Class scrbook Info: You've used standard option `oneside'.
(scrbook)           This is correct!
(scrbook)           Internally I'm using `twoside=false'.
(scrbook)           If you'd like to set the option with \KOMAoptions,
(scrbook)           you'd have to use `twoside=false' there
(scrbook)           instead of `oneside', too.
Class scrbook Info: You've used standard option `openright'.
(scrbook)           This is correct!
(scrbook)           Internally I'm using `open=right'.
(scrbook)           If you'd like to set the option with \KOMAoptions,
(scrbook)           you'd have to use `open=right' there
(scrbook)           instead of `openright', too.
 (/usr/share/texlive/texmf-dist/tex/latex/base/fleqn.clo
File: fleqn.clo 2016/12/29 v1.2b Standard LaTeX option (flush left equations)
\mathindent=\skip49
Applying: [2015/01/01] Make \[ robust on input line 50.
LaTeX Info: Redefining \[ on input line 51.
Already applied: [0000/00/00] Make \[ robust on input line 62.
Applying: [2015/01/01] Make \] robust on input line 74.
LaTeX Info: Redefining \] on input line 75.
Already applied: [0000/00/00] Make \] robust on input line 83.
)
Class scrbook Info: File `scrsize11pt.clo' used to setup font sizes on input line 2691.
 (/usr/share/texlive/texmf-dist/tex/latex/koma-script/scrsize11pt.clo
File: scrsize11pt.clo 2023/07/07 v3.41 KOMA-Script font size class option (11pt)
) (/usr/share/texlive/texmf-dist/tex/latex/koma-script/typearea.sty
Package: typearea 2023/07/07 v3.41 KOMA-Script package (type area)
\ta@bcor=\skip50
\ta@div=\count187
Package typearea Info: You've used standard option `a4paper'.
(typearea)             This is correct!
(typearea)             Internally I'm using `paper=a4'.
(typearea)             If you'd like to set the option with \KOMAoptions,
(typearea)             you'd have to use `paper=a4' there
(typearea)             instead of `a4paper', too.
Package typearea Info: You've used standard option `oneside'.
(typearea)             This is correct!
(typearea)             Internally I'm using `twoside=false'.
(typearea)             If you'd like to set the option with \KOMAoptions,
(typearea)             you'd have to use `twoside=false' there
(typearea)             instead of `oneside', too.
\ta@hblk=\skip51
\ta@vblk=\skip52
\ta@temp=\skip53
\footheight=\skip54
Package typearea Info: These are the values describing the layout:
(typearea)             DIV  = 12
(typearea)             BCOR = 14.22636pt
(typearea)             \paperwidth      = 597.50793pt
(typearea)              \textwidth      = 437.46118pt
(typearea)              DIV departure   = -11%
(typearea)              \evensidemargin = 14.86656pt
(typearea)              \oddsidemargin  = 14.86656pt
(typearea)             \paperheight     = 845.04694pt
(typearea)              \textheight     = 609.40027pt
(typearea)              \topmargin      = -1.84941pt
(typearea)              \headheight     = 14.96008pt
(typearea)              \headsep        = 20.40001pt
(typearea)              \topskip        = 11.0pt
(typearea)              \footskip       = 47.6pt
(typearea)              \baselineskip   = 13.6pt
(typearea)              on input line 1799.
)
\c@part=\count188
\c@chapter=\count189
\c@section=\count190
\c@subsection=\count191
\c@subsubsection=\count192
\c@paragraph=\count193
\c@subparagraph=\count194
\scr@dte@chapter@maxnumwidth=\skip55
Class scrbook Info: using compatibility default `afterindent=bysign'
(scrbook)           for `\chapter on input line 5990.
\scr@dte@section@maxnumwidth=\skip56
Class scrbook Info: using compatibility default `runin=bysign'
(scrbook)           for `\section on input line 6001.
Class scrbook Info: using compatibility default `afterindent=bysign'
(scrbook)           for `\section on input line 6001.
\scr@dte@part@maxnumwidth=\skip57
Class scrbook Info: using compatibility default `afterindent=true'
(scrbook)           for `\part on input line 6010.
\scr@dte@subsection@maxnumwidth=\skip58
Class scrbook Info: using compatibility default `runin=bysign'
(scrbook)           for `\subsection on input line 6020.
Class scrbook Info: using compatibility default `afterindent=bysign'
(scrbook)           for `\subsection on input line 6020.
\scr@dte@subsubsection@maxnumwidth=\skip59
Class scrbook Info: using compatibility default `runin=bysign'
(scrbook)           for `\subsubsection on input line 6030.
Class scrbook Info: using compatibility default `afterindent=bysign'
(scrbook)           for `\subsubsection on input line 6030.
\scr@dte@paragraph@maxnumwidth=\skip60
Class scrbook Info: using compatibility default `runin=bysign'
(scrbook)           for `\paragraph on input line 6041.
Class scrbook Info: using compatibility default `afterindent=bysign'
(scrbook)           for `\paragraph on input line 6041.
\scr@dte@subparagraph@maxnumwidth=\skip61
Class scrbook Info: using compatibility default `runin=bysign'
(scrbook)           for `\subparagraph on input line 6051.
Class scrbook Info: using compatibility default `afterindent=bysign'
(scrbook)           for `\subparagraph on input line 6051.
\abovecaptionskip=\skip62
\belowcaptionskip=\skip63
\c@pti@nb@sid@b@x=\box52
Package tocbasic Info: omitting babel extension for `lof'
(tocbasic)             because of feature `nobabel' available
(tocbasic)             for `lof' on input line 7242.
\scr@dte@figure@maxnumwidth=\skip64
\c@figure=\count195
Package tocbasic Info: omitting babel extension for `lot'
(tocbasic)             because of feature `nobabel' available
(tocbasic)             for `lot' on input line 7259.
\scr@dte@table@maxnumwidth=\skip65
\c@table=\count196
Class scrbook Info: Redefining `\numberline' on input line 7430.
\bibindent=\dimen140
) (./preamble/pre-work.tex) (./preamble/pre-packages.tex (/usr/share/texlive/texmf-dist/tex/latex/inputenx/inputenx.sty
Package: inputenx 2019/11/29 v1.12 Enhanced input encoding handling (HO)
 (/usr/share/texlive/texmf-dist/tex/latex/inputenx/ix-alias.def
File: ix-alias.def 2019/11/29 v1.12 Alias list (inputenx)
)
Package inputenx Info: Encoding name: latin1
(inputenx)             Encoding file: x-iso-8859-1.def
(inputenx)              on input line 175.
 (/usr/share/texlive/texmf-dist/tex/latex/base/inputenc.sty
Package: inputenc 2021/02/14 v1.3d Input encoding file
\inpenc@prehook=\toks18
\inpenc@posthook=\toks19
) (/usr/share/texlive/texmf-dist/tex/latex/inputenx/x-iso-8859-1.def
File: x-iso-8859-1.def 2019/11/29 v1.12 Input encoding iso-8859-1 (inputenx)
)) (/usr/share/texlive/texmf-dist/tex/latex/tools/xspace.sty
Package: xspace 2014/10/28 v1.13 Space after command names (DPC,MH)
) (/usr/share/texlive/texmf-dist/tex/generic/iftex/ifpdf.sty
Package: ifpdf 2019/10/25 v3.4 ifpdf legacy package. Use iftex instead.
 (/usr/share/texlive/texmf-dist/tex/generic/iftex/iftex.sty
Package: iftex 2022/02/03 v1.0f TeX engine tests
)) (/usr/share/texlive/texmf-dist/tex/latex/tools/calc.sty
Package: calc 2023/07/08 v4.3 Infix arithmetic (KKT,FJ)
\calc@Acount=\count197
\calc@Bcount=\count198
\calc@Adimen=\dimen141
\calc@Bdimen=\dimen142
\calc@Askip=\skip66
\calc@Bskip=\skip67
LaTeX Info: Redefining \setlength on input line 80.
LaTeX Info: Redefining \addtolength on input line 81.
\calc@Ccount=\count199
\calc@Cskip=\skip68
) (/usr/share/texlive/texmf-dist/tex/generic/babel/babel.sty
Package: babel 2024/01/07 v24.1 The Babel package
\babel@savecnt=\count266
\U@D=\dimen143
\l@unhyphenated=\language89
 (/usr/share/texlive/texmf-dist/tex/generic/babel/txtbabel.def)
\bbl@readstream=\read2
\bbl@dirlevel=\count267
 (/usr/share/texlive/texmf-dist/tex/generic/babel-german/ngerman.ldf
Language: ngerman 2024/01/19 v2.14 German support for babel (post-1996 orthography)
 (/usr/share/texlive/texmf-dist/tex/generic/babel-german/ngermanb.ldf
Language: ngermanb 2024/01/19 v2.14 German support for babel (post-1996 orthography)
Package babel Info: Making " an active character on input line 122.
)) (/usr/share/texlive/texmf-dist/tex/generic/babel-english/english.ldf
Language: english 2017/06/06 v3.3r English support from the babel system
Package babel Info: Hyphen rules for 'canadian' set to \l@english
(babel)             (\language0). Reported on input line 102.
Package babel Info: Hyphen rules for 'australian' set to \l@ukenglish
(babel)             (\language66). Reported on input line 105.
Package babel Info: Hyphen rules for 'newzealand' set to \l@ukenglish
(babel)             (\language66). Reported on input line 108.
)) (/usr/share/texlive/texmf-dist/tex/generic/babel/locale/en/babel-english.tex
Package babel Info: Importing font and identification data for english
(babel)             from babel-en.ini. Reported on input line 11.
) (/usr/share/texlive/texmf-dist/tex/generic/babel/locale/de/babel-ngerman.tex
Package babel Info: Importing font and identification data for ngerman
(babel)             from babel-de.ini. Reported on input line 11.
) (/usr/share/texlive/texmf-dist/tex/latex/xcolor/xcolor.sty
Package: xcolor 2023/11/15 v3.01 LaTeX color extensions (UK)
 (/usr/share/texlive/texmf-dist/tex/latex/graphics-cfg/color.cfg
File: color.cfg 2016/01/02 v1.6 sample color configuration
)
Package xcolor Info: Driver file: pdftex.def on input line 274.
 (/usr/share/texlive/texmf-dist/tex/latex/graphics-def/pdftex.def
File: pdftex.def 2022/09/22 v1.2b Graphics/color driver for pdftex
) (/usr/share/texlive/texmf-dist/tex/latex/graphics/mathcolor.ltx)
Package xcolor Info: Model `cmy' substituted by `cmy0' on input line 1350.
Package xcolor Info: Model `hsb' substituted by `rgb' on input line 1354.
Package xcolor Info: Model `RGB' extended on input line 1366.
Package xcolor Info: Model `HTML' substituted by `rgb' on input line 1368.
Package xcolor Info: Model `Hsb' substituted by `hsb' on input line 1369.
Package xcolor Info: Model `tHsb' substituted by `hsb' on input line 1370.
Package xcolor Info: Model `HSB' substituted by `hsb' on input line 1371.
Package xcolor Info: Model `Gray' substituted by `gray' on input line 1372.
Package xcolor Info: Model `wave' substituted by `hsb' on input line 1373.
) (/usr/share/texlive/texmf-dist/tex/latex/colortbl/colortbl.sty
Package: colortbl 2022/06/20 v1.0f Color table columns (DPC)
 (/usr/share/texlive/texmf-dist/tex/latex/tools/array.sty
Package: array 2023/10/16 v2.5g Tabular extension package (FMi)
\col@sep=\dimen144
\ar@mcellbox=\box53
\extrarowheight=\dimen145
\NC@list=\toks20
\extratabsurround=\skip69
\backup@length=\skip70
\ar@cellbox=\box54
)
\everycr=\toks21
\minrowclearance=\skip71
\rownum=\count268
) (/usr/share/texlive/texmf-dist/tex/latex/graphics/graphicx.sty
Package: graphicx 2021/09/16 v1.2d Enhanced LaTeX Graphics (DPC,SPQR)
 (/usr/share/texlive/texmf-dist/tex/latex/graphics/graphics.sty
Package: graphics 2022/03/10 v1.4e Standard LaTeX Graphics (DPC,SPQR)
 (/usr/share/texlive/texmf-dist/tex/latex/graphics/trig.sty
Package: trig 2021/08/11 v1.11 sin cos tan (DPC)
) (/usr/share/texlive/texmf-dist/tex/latex/graphics-cfg/graphics.cfg
File: graphics.cfg 2016/06/04 v1.11 sample graphics configuration
)
Package graphics Info: Driver file: pdftex.def on input line 107.
)
\Gin@req@height=\dimen146
\Gin@req@width=\dimen147
) (/usr/share/texlive/texmf-dist/tex/latex/amsmath/amsmath.sty
Package: amsmath 2023/05/13 v2.17o AMS math features
\@mathmargin=\skip72

For additional information on amsmath, use the `?' option.
(/usr/share/texlive/texmf-dist/tex/latex/amsmath/amstext.sty
Package: amstext 2021/08/26 v2.01 AMS text
 (/usr/share/texlive/texmf-dist/tex/latex/amsmath/amsgen.sty
File: amsgen.sty 1999/11/30 v2.0 generic functions
\@emptytoks=\toks22
\ex@=\dimen148
)) (/usr/share/texlive/texmf-dist/tex/latex/amsmath/amsbsy.sty
Package: amsbsy 1999/11/29 v1.2d Bold Symbols
\pmbraise@=\dimen149
) (/usr/share/texlive/texmf-dist/tex/latex/amsmath/amsopn.sty
Package: amsopn 2022/04/08 v2.04 operator names
)
\inf@bad=\count269
LaTeX Info: Redefining \frac on input line 234.
\uproot@=\count270
\leftroot@=\count271
LaTeX Info: Redefining \overline on input line 399.
LaTeX Info: Redefining \colon on input line 410.
\classnum@=\count272
\DOTSCASE@=\count273
LaTeX Info: Redefining \ldots on input line 496.
LaTeX Info: Redefining \dots on input line 499.
LaTeX Info: Redefining \cdots on input line 620.
\Mathstrutbox@=\box55
\strutbox@=\box56
LaTeX Info: Redefining \big on input line 722.
LaTeX Info: Redefining \Big on input line 723.
LaTeX Info: Redefining \bigg on input line 724.
LaTeX Info: Redefining \Bigg on input line 725.
\big@size=\dimen150
LaTeX Font Info:    Redeclaring font encoding OML on input line 743.
LaTeX Font Info:    Redeclaring font encoding OMS on input line 744.
\macc@depth=\count274
LaTeX Info: Redefining \bmod on input line 905.
LaTeX Info: Redefining \pmod on input line 910.
LaTeX Info: Redefining \smash on input line 940.
LaTeX Info: Redefining \relbar on input line 970.
LaTeX Info: Redefining \Relbar on input line 971.
\c@MaxMatrixCols=\count275
\dotsspace@=\muskip16
\c@parentequation=\count276
\dspbrk@lvl=\count277
\tag@help=\toks23
\row@=\count278
\column@=\count279
\maxfields@=\count280
\andhelp@=\toks24
\eqnshift@=\dimen151
\alignsep@=\dimen152
\tagshift@=\dimen153
\tagwidth@=\dimen154
\totwidth@=\dimen155
\lineht@=\dimen156
\@envbody=\toks25
\multlinegap=\skip73
\multlinetaggap=\skip74
\mathdisplay@stack=\toks26
LaTeX Info: Redefining \[ on input line 2953.
LaTeX Info: Redefining \] on input line 2954.
) (/usr/share/texlive/texmf-dist/tex/latex/ragged2e/ragged2e.sty
Package: ragged2e 2023/06/22 v3.6 ragged2e Package
\CenteringLeftskip=\skip75
\RaggedLeftLeftskip=\skip76
\RaggedRightLeftskip=\skip77
\CenteringRightskip=\skip78
\RaggedLeftRightskip=\skip79
\RaggedRightRightskip=\skip80
\CenteringParfillskip=\skip81
\RaggedLeftParfillskip=\skip82
\RaggedRightParfillskip=\skip83
\JustifyingParfillskip=\skip84
\CenteringParindent=\skip85
\RaggedLeftParindent=\skip86
\RaggedRightParindent=\skip87
\JustifyingParindent=\skip88
) (/usr/share/texlive/texmf-dist/tex/latex/amsfonts/amssymb.sty
Package: amssymb 2013/01/14 v3.01 AMS font symbols
 (/usr/share/texlive/texmf-dist/tex/latex/amsfonts/amsfonts.sty
Package: amsfonts 2013/01/14 v3.01 Basic AMSFonts support
\symAMSa=\mathgroup4
\symAMSb=\mathgroup5
LaTeX Font Info:    Redeclaring math symbol \hbar on input line 98.
LaTeX Font Info:    Overwriting math alphabet `\mathfrak' in version `bold'
(Font)                  U/euf/m/n --> U/euf/b/n on input line 106.
)) (/usr/share/texlive/texmf-dist/tex/latex/base/fontenc.sty
Package: fontenc 2021/04/29 v2.0v Standard LaTeX package
) (/usr/share/texlive/texmf-dist/tex/latex/base/textcomp.sty
Package: textcomp 2020/02/02 v2.0n Standard LaTeX package
) (/usr/share/texmf/tex/latex/lm/lmodern.sty
Package: lmodern 2015/05/01 v1.6.1 Latin Modern Fonts
LaTeX Font Info:    Overwriting symbol font `operators' in version `normal'
(Font)                  OT1/cmr/m/n --> OT1/lmr/m/n on input line 22.
LaTeX Font Info:    Overwriting symbol font `letters' in version `normal'
(Font)                  OML/cmm/m/it --> OML/lmm/m/it on input line 23.
LaTeX Font Info:    Overwriting symbol font `symbols' in version `normal'
(Font)                  OMS/cmsy/m/n --> OMS/lmsy/m/n on input line 24.
LaTeX Font Info:    Overwriting symbol font `largesymbols' in version `normal'
(Font)                  OMX/cmex/m/n --> OMX/lmex/m/n on input line 25.
LaTeX Font Info:    Overwriting symbol font `operators' in version `bold'
(Font)                  OT1/cmr/bx/n --> OT1/lmr/bx/n on input line 26.
LaTeX Font Info:    Overwriting symbol font `letters' in version `bold'
(Font)                  OML/cmm/b/it --> OML/lmm/b/it on input line 27.
LaTeX Font Info:    Overwriting symbol font `symbols' in version `bold'
(Font)                  OMS/cmsy/b/n --> OMS/lmsy/b/n on input line 28.
LaTeX Font Info:    Overwriting symbol font `largesymbols' in version `bold'
(Font)                  OMX/cmex/m/n --> OMX/lmex/m/n on input line 29.
LaTeX Font Info:    Overwriting math alphabet `\mathbf' in version `normal'
(Font)                  OT1/cmr/bx/n --> OT1/lmr/bx/n on input line 31.
LaTeX Font Info:    Overwriting math alphabet `\mathsf' in version `normal'
(Font)                  OT1/cmss/m/n --> OT1/lmss/m/n on input line 32.
LaTeX Font Info:    Overwriting math alphabet `\mathit' in version `normal'
(Font)                  OT1/cmr/m/it --> OT1/lmr/m/it on input line 33.
LaTeX Font Info:    Overwriting math alphabet `\mathtt' in version `normal'
(Font)                  OT1/cmtt/m/n --> OT1/lmtt/m/n on input line 34.
LaTeX Font Info:    Overwriting math alphabet `\mathbf' in version `bold'
(Font)                  OT1/cmr/bx/n --> OT1/lmr/bx/n on input line 35.
LaTeX Font Info:    Overwriting math alphabet `\mathsf' in version `bold'
(Font)                  OT1/cmss/bx/n --> OT1/lmss/bx/n on input line 36.
LaTeX Font Info:    Overwriting math alphabet `\mathit' in version `bold'
(Font)                  OT1/cmr/bx/it --> OT1/lmr/bx/it on input line 37.
LaTeX Font Info:    Overwriting math alphabet `\mathtt' in version `bold'
(Font)                  OT1/cmtt/m/n --> OT1/lmtt/m/n on input line 38.
) (/usr/share/texlive/texmf-dist/tex/latex/was/icomma.sty
Package: icomma 2002/03/10 v2.0 (WaS)
) (/usr/share/texlive/texmf-dist/tex/latex/url/url.sty
\Urlmuskip=\muskip17
Package: url 2013/09/16  ver 3.4  Verb mode for urls, etc.
) (/usr/share/texlive/texmf-dist/tex/latex/footmisc/footmisc.sty
Package: footmisc 2023/07/05 v6.0f a miscellany of footnote facilities
\FN@temptoken=\toks27
\footnotemargin=\dimen157
\@outputbox@depth=\dimen158
 (/usr/share/texlive/texmf-dist/tex/latex/bigfoot/perpage.sty
Package: perpage 2014/10/25 2.0 Reset/sort counters per page
\c@abspage=\count281
)
\c@pp@a@footnote=\count282
Package footmisc Info: Declaring symbol style bringhurst on input line 696.
Package footmisc Info: Declaring symbol style chicago on input line 704.
Package footmisc Info: Declaring symbol style wiley on input line 713.
Package footmisc Info: Declaring symbol style lamport-robust on input line 724.
Package footmisc Info: Declaring symbol style lamport* on input line 744.
Package footmisc Info: Declaring symbol style lamport*-robust on input line 765.
) (/usr/share/texlive/texmf-dist/tex/latex/tools/varioref.sty
Package: varioref 2022/01/09 v1.6f package for extended references (FMi)
\c@vrcnt=\count283
) (/usr/share/texlive/texmf-dist/tex/latex/enumitem/enumitem.sty
Package: enumitem 2019/06/20 v3.9 Customized lists
\labelindent=\skip89
\enit@outerparindent=\dimen159
\enit@toks=\toks28
\enit@inbox=\box57
\enit@count@id=\count284
\enitdp@description=\count285
) (/usr/share/texlive/texmf-dist/tex/latex/nomencl/nomencl.sty
Package: nomencl 2021/11/10 v5.6 Nomenclature package
 (/usr/share/texlive/texmf-dist/tex/latex/xkeyval/xkeyval.sty
Package: xkeyval 2022/06/16 v2.9 package option processing (HA)
 (/usr/share/texlive/texmf-dist/tex/generic/xkeyval/xkeyval.tex (/usr/share/texlive/texmf-dist/tex/generic/xkeyval/xkvutils.tex
\XKV@toks=\toks29
\XKV@tempa@toks=\toks30
)
\XKV@depth=\count286
File: xkeyval.tex 2014/12/03 v2.7a key=value parser (HA)
)) (/usr/share/texlive/texmf-dist/tex/latex/base/ifthen.sty
Package: ifthen 2022/04/13 v1.1d Standard LaTeX ifthen package (DPC)
)
Package tocbasic Info: setting babel extension for `nlo' on input line 187.
Package tocbasic Info: setting babel extension for `nls' on input line 188.
\nomlabelwidth=\dimen160
\nom@tempdim=\dimen161
\nomitemsep=\skip90
)
\@nomenclaturefile=\write3
\openout3 = `vorlage.nlo'.

Package nomencl Info: Writing nomenclature file vorlage.nlo on input line 84.
 (/usr/share/texlive/texmf-dist/tex/latex/csquotes/csquotes.sty
Package: csquotes 2022-09-14 v5.2n context-sensitive quotations (JAW)
 (/usr/share/texlive/texmf-dist/tex/latex/etoolbox/etoolbox.sty
Package: etoolbox 2020/10/05 v2.5k e-TeX tools for LaTeX (JAW)
\etb@tempcnta=\count287
)
\csq@reset=\count288
\csq@gtype=\count289
\csq@glevel=\count290
\csq@qlevel=\count291
\csq@maxlvl=\count292
\csq@tshold=\count293
\csq@ltx@everypar=\toks31
 (/usr/share/texlive/texmf-dist/tex/latex/csquotes/csquotes.def
File: csquotes.def 2022-09-14 v5.2n csquotes generic definitions (JAW)
)
Package csquotes Info: Trying to load configuration file 'csquotes.cfg'...
Package csquotes Info: ... configuration file loaded successfully.
 (/usr/share/texlive/texmf-dist/tex/latex/csquotes/csquotes.cfg
File: csquotes.cfg 
)
Package csquotes Info: Option 'babel' depreciated.
(csquotes)             Using 'autostyle'.
Package csquotes Info: Enabling multilingual quotes.
Package csquotes Info: Redefining alias 'german' -> 'german/quotes'.
Package csquotes Info: Redefining alias 'english' -> 'english/british'.
Package csquotes Info: Redefining alias 'french' -> 'french/guillemets'.
) (/usr/share/texlive/texmf-dist/tex/latex/pdfpages/pdfpages.sty
Package: pdfpages 2024/01/21 v0.5y Insert pages of external PDF documents (AM)
 (/usr/share/texlive/texmf-dist/tex/latex/eso-pic/eso-pic.sty
Package: eso-pic 2023/05/03 v3.0c eso-pic (RN)
\ESO@tempdima=\dimen162
\ESO@tempdimb=\dimen163
)
\AM@pagewidth=\dimen164
\AM@pageheight=\dimen165
\AM@fboxrule=\dimen166
 (/usr/share/texlive/texmf-dist/tex/latex/pdfpages/pppdftex.def
File: pppdftex.def 2024/01/21 v0.5y Pdfpages driver for pdfTeX (AM)
)
\pdfpages@includegraphics@status=\count294
\AM@pagebox=\box58
\AM@global@opts=\toks32
\AM@pagecnt=\count295
\AM@toc@title=\toks33
\AM@lof@heading=\toks34
\c@AM@survey=\count296
\AM@templatesizebox=\box59
) (/usr/share/texlive/texmf-dist/tex/latex/hyperref/hyperref.sty
Package: hyperref 2024-01-20 v7.01h Hypertext links for LaTeX
 (/usr/share/texlive/texmf-dist/tex/latex/kvsetkeys/kvsetkeys.sty
Package: kvsetkeys 2022-10-05 v1.19 Key value parser (HO)
) (/usr/share/texlive/texmf-dist/tex/generic/kvdefinekeys/kvdefinekeys.sty
Package: kvdefinekeys 2019-12-19 v1.6 Define keys (HO)
) (/usr/share/texlive/texmf-dist/tex/generic/pdfescape/pdfescape.sty
Package: pdfescape 2019/12/09 v1.15 Implements pdfTeX's escape features (HO)
 (/usr/share/texlive/texmf-dist/tex/generic/ltxcmds/ltxcmds.sty
Package: ltxcmds 2023-12-04 v1.26 LaTeX kernel commands for general use (HO)
) (/usr/share/texlive/texmf-dist/tex/generic/pdftexcmds/pdftexcmds.sty
Package: pdftexcmds 2020-06-27 v0.33 Utility functions of pdfTeX for LuaTeX (HO)
 (/usr/share/texlive/texmf-dist/tex/generic/infwarerr/infwarerr.sty
Package: infwarerr 2019/12/03 v1.5 Providing info/warning/error messages (HO)
)
Package pdftexcmds Info: \pdf@primitive is available.
Package pdftexcmds Info: \pdf@ifprimitive is available.
Package pdftexcmds Info: \pdfdraftmode found.
)) (/usr/share/texlive/texmf-dist/tex/latex/hycolor/hycolor.sty
Package: hycolor 2020-01-27 v1.10 Color options for hyperref/bookmark (HO)
) (/usr/share/texlive/texmf-dist/tex/latex/auxhook/auxhook.sty
Package: auxhook 2019-12-17 v1.6 Hooks for auxiliary files (HO)
) (/usr/share/texlive/texmf-dist/tex/latex/hyperref/nameref.sty
Package: nameref 2023-11-26 v2.56 Cross-referencing by name of section
 (/usr/share/texlive/texmf-dist/tex/latex/refcount/refcount.sty
Package: refcount 2019/12/15 v3.6 Data extraction from label references (HO)
) (/usr/share/texlive/texmf-dist/tex/generic/gettitlestring/gettitlestring.sty
Package: gettitlestring 2019/12/15 v1.6 Cleanup title references (HO)
 (/usr/share/texlive/texmf-dist/tex/latex/kvoptions/kvoptions.sty
Package: kvoptions 2022-06-15 v3.15 Key value format for package options (HO)
))
\c@section@level=\count297
)
\@linkdim=\dimen167
\Hy@linkcounter=\count298
\Hy@pagecounter=\count299
 (/usr/share/texlive/texmf-dist/tex/latex/hyperref/pd1enc.def
File: pd1enc.def 2024-01-20 v7.01h Hyperref: PDFDocEncoding definition (HO)
Now handling font encoding PD1 ...
... no UTF-8 mapping file for font encoding PD1
) (/usr/share/texlive/texmf-dist/tex/generic/intcalc/intcalc.sty
Package: intcalc 2019/12/15 v1.3 Expandable calculations with integers (HO)
)
\Hy@SavedSpaceFactor=\count300
 (/usr/share/texlive/texmf-dist/tex/latex/hyperref/puenc.def
File: puenc.def 2024-01-20 v7.01h Hyperref: PDF Unicode definition (HO)
Now handling font encoding PU ...
... no UTF-8 mapping file for font encoding PU
)
Package hyperref Info: Option `final' set `true' on input line 4062.
Package hyperref Info: Hyper figures OFF on input line 4179.
Package hyperref Info: Link nesting OFF on input line 4184.
Package hyperref Info: Hyper index ON on input line 4187.
Package hyperref Info: Plain pages OFF on input line 4194.
Package hyperref Info: Backreferencing OFF on input line 4199.
Package hyperref Info: Implicit mode ON; LaTeX internals redefined.
Package hyperref Info: Bookmarks ON on input line 4446.
\c@Hy@tempcnt=\count301
LaTeX Info: Redefining \url on input line 4784.
\XeTeXLinkMargin=\dimen168
 (/usr/share/texlive/texmf-dist/tex/generic/bitset/bitset.sty
Package: bitset 2019/12/09 v1.3 Handle bit-vector datatype (HO)
 (/usr/share/texlive/texmf-dist/tex/generic/bigintcalc/bigintcalc.sty
Package: bigintcalc 2019/12/15 v1.5 Expandable calculations on big integers (HO)
))
\Fld@menulength=\count302
\Field@Width=\dimen169
\Fld@charsize=\dimen170
Package hyperref Info: Hyper figures OFF on input line 6063.
Package hyperref Info: Link nesting OFF on input line 6068.
Package hyperref Info: Hyper index ON on input line 6071.
Package hyperref Info: backreferencing OFF on input line 6078.
Package hyperref Info: Link coloring OFF on input line 6083.
Package hyperref Info: Link coloring with OCG OFF on input line 6088.
Package hyperref Info: PDF/A mode OFF on input line 6093.
 (/usr/share/texlive/texmf-dist/tex/latex/base/atbegshi-ltx.sty
Package: atbegshi-ltx 2021/01/10 v1.0c Emulation of the original atbegshi
package with kernel methods
)
\Hy@abspage=\count303
\c@Item=\count304
\c@Hfootnote=\count305
)
Package hyperref Info: Driver: hpdftex.
 (/usr/share/texlive/texmf-dist/tex/latex/hyperref/hpdftex.def
File: hpdftex.def 2024-01-20 v7.01h Hyperref driver for pdfTeX
 (/usr/share/texlive/texmf-dist/tex/latex/base/atveryend-ltx.sty
Package: atveryend-ltx 2020/08/19 v1.0a Emulation of the original atveryend package
with kernel methods
)
\Fld@listcount=\count306
\c@bookmark@seq@number=\count307
 (/usr/share/texlive/texmf-dist/tex/latex/rerunfilecheck/rerunfilecheck.sty
Package: rerunfilecheck 2022-07-10 v1.10 Rerun checks for auxiliary files (HO)
 (/usr/share/texlive/texmf-dist/tex/generic/uniquecounter/uniquecounter.sty
Package: uniquecounter 2019/12/15 v1.4 Provide unlimited unique counter (HO)
)
Package uniquecounter Info: New unique counter `rerunfilecheck' on input line 285.
)
\Hy@SectionHShift=\skip91
)
Package hyperref Info: Option `colorlinks' set `true' on input line 147.
Package hyperref Info: Option `raiselinks' set `true' on input line 147.
Package hyperref Info: Option `breaklinks' set `true' on input line 147.
Package hyperref Info: Option `verbose' set `true' on input line 147.
Package hyperref Info: Option `linktocpage' set `true' on input line 147.
Package hyperref Info: Option `bookmarksopen' set `true' on input line 147.
Package hyperref Info: Option `bookmarksnumbered' set `true' on input line 147.
Package hyperref Info: Option `plainpages' set `false' on input line 147.
Package hyperref Info: Option `pageanchor' set `true' on input line 147.
 (/usr/share/texlive/texmf-dist/tex/latex/booktabs/booktabs.sty
Package: booktabs 2020/01/12 v1.61803398 Publication quality tables
\heavyrulewidth=\dimen171
\lightrulewidth=\dimen172
\cmidrulewidth=\dimen173
\belowrulesep=\dimen174
\belowbottomsep=\dimen175
\aboverulesep=\dimen176
\abovetopsep=\dimen177
\cmidrulesep=\dimen178
\cmidrulekern=\dimen179
\defaultaddspace=\dimen180
\@cmidla=\count308
\@cmidlb=\count309
\@aboverulesep=\dimen181
\@belowrulesep=\dimen182
\@thisruleclass=\count310
\@lastruleclass=\count311
\@thisrulewidth=\dimen183
) (/usr/share/texlive/texmf-dist/tex/latex/tools/tabularx.sty
Package: tabularx 2023/07/08 v2.11c `tabularx' package (DPC)
\TX@col@width=\dimen184
\TX@old@table=\dimen185
\TX@old@col=\dimen186
\TX@target=\dimen187
\TX@delta=\dimen188
\TX@cols=\count312
\TX@ftn=\toks35
) (/usr/share/texlive/texmf-dist/tex/latex/base/flafter.sty
Package: flafter 2021/07/31 v1.4e Standard LaTeX floats after reference (FMi)
Applying: [2015/01/01] float order in 2-column on input line 49.
Already applied: [0000/00/00] float order in 2-column on input line 151.
) (/usr/share/texlive/texmf-dist/tex/latex/placeins/placeins.sty
Package: placeins 2005/04/18  v 2.2
) (/usr/share/texlive/texmf-dist/tex/latex/upquote/upquote.sty
Package: upquote 2012/04/19 v1.3 upright-quote and grave-accent glyphs in verbatim
) (/usr/share/texlive/texmf-dist/tex/latex/siunits/SIunits.sty
Package: SIunits 2007/12/02 v1.36 Support for the International System of units (MH)


\@qskwidth=\skip92
LaTeX Font Info:    Redeclaring font encoding TS1 on input line 46.
\symgreek=\mathgroup6
(/usr/share/texlive/texmf-dist/tex/latex/siunits/SIunits.cfg)
Option `squaren' provided!
) (/usr/share/texlive/texmf-dist/tex/latex/setspace/setspace.sty
Package: setspace 2022/12/04 v6.7b set line spacing
)
LaTeX Font Info:    Trying to load font information for T1+lmr on input line 248.
 (/usr/share/texmf/tex/latex/lm/t1lmr.fd
File: t1lmr.fd 2015/05/01 v1.6.1 Font defs for Latin Modern
)
Package typearea Info: These are the values describing the layout:
(typearea)             DIV  = 12
(typearea)             BCOR = 14.22636pt
(typearea)             \paperwidth      = 597.50793pt
(typearea)              \textwidth      = 437.46118pt
(typearea)              DIV departure   = -11%
(typearea)              \evensidemargin = 14.86656pt
(typearea)              \oddsidemargin  = 14.86656pt
(typearea)             \paperheight     = 845.04694pt
(typearea)              \textheight     = 582.20026pt
(typearea)              \topmargin      = -1.84941pt
(typearea)              \headheight     = 22.44012pt
(typearea)              \headsep        = 30.6pt
(typearea)              \topskip        = 11.0pt
(typearea)              \footskip       = 71.40001pt
(typearea)              \baselineskip   = 20.40001pt
(typearea)              on input line 248.
 (/usr/share/texlive/texmf-dist/tex/latex/koma-script/scrlayer-scrpage.sty
Package: scrlayer-scrpage 2023/07/07 v3.41 KOMA-Script package (end user interface for scrlayer)
 (/usr/share/texlive/texmf-dist/tex/latex/koma-script/scrlayer.sty
Package: scrlayer 2023/07/07 v3.41 KOMA-Script package (defining layers and page styles)
Package scrlayer Info: patching LaTeX kernel macro \pagestyle on input line 2183.
)
Package scrbase Info: Unknown processing state.
(scrbase)             Processing option `markcase=ignoreuppercase'
(scrbase)             of member `.scrlayer-scrpage.sty' of family
(scrbase)             `KOMA' doesn't set
(scrbase)             a valid state. This will be interpreted
(scrbase)             as \FamilyKeyStateProcessed on input line 649.
Package scrlayer-scrpage Info: Makeing stand-alone element `pagehead' from
(scrlayer-scrpage)             alias to `pageheadfoot' on input line 1106.
)
1: section
1: chapter
1: chapter
1: section
(/usr/share/texlive/texmf-dist/tex/latex/koma-script/scrtime.sty
Package: scrtime 2023/07/07 v3.41 KOMA-Script package (time of LaTeX run)
)
1: section
1: chapter
1: chapter
1: section
Package scrkbase Info: You've told me to redefine the font selection of the
(scrkbase)             element `sectioning' that is an alias of element
(scrkbase)             `disposition' on input line 309.
) (./preamble/pre-newcommands.tex) (./preamble/pre-tablecommands.tex) (./preamble/pre-hyphenation.tex)
Package csquotes Info: Checking for multilingual support...
Package csquotes Info: ... found 'babel' package.
 (/usr/share/texlive/texmf-dist/tex/latex/l3backend/l3backend-pdftex.def
File: l3backend-pdftex.def 2024-01-04 L3 backend support: PDF output (pdfTeX)
\l__color_backend_stack_int=\count313
\l__pdf_internal_box=\box60
) (./vorlage.aux (./chapters/ch-aa-titel.aux) (./chapters/ch-aa-vorspiel.aux) (./chapters/ch-aa-zusfasg.aux) (./chapters/ch-hauptteil.aux) (./chapters/ch-zz-anhang.aux))
\openout1 = `vorlage.aux'.

LaTeX Font Info:    Checking defaults for OML/cmm/m/it on input line 32.
LaTeX Font Info:    ... okay on input line 32.
LaTeX Font Info:    Checking defaults for OMS/cmsy/m/n on input line 32.
LaTeX Font Info:    ... okay on input line 32.
LaTeX Font Info:    Checking defaults for OT1/cmr/m/n on input line 32.
LaTeX Font Info:    ... okay on input line 32.
LaTeX Font Info:    Checking defaults for T1/cmr/m/n on input line 32.
LaTeX Font Info:    ... okay on input line 32.
LaTeX Font Info:    Checking defaults for TS1/cmr/m/n on input line 32.
LaTeX Font Info:    ... okay on input line 32.
LaTeX Font Info:    Checking defaults for OMX/cmex/m/n on input line 32.
LaTeX Font Info:    ... okay on input line 32.
LaTeX Font Info:    Checking defaults for U/cmr/m/n on input line 32.
LaTeX Font Info:    ... okay on input line 32.
LaTeX Font Info:    Checking defaults for PD1/pdf/m/n on input line 32.
LaTeX Font Info:    ... okay on input line 32.
LaTeX Font Info:    Checking defaults for PU/pdf/m/n on input line 32.
LaTeX Font Info:    ... okay on input line 32.
Package scrbase Info: activating english \partname on input line 32.
Package scrbase Info: activating english \chaptername on input line 32.
Package scrbase Info: activating english \appendixname on input line 32.
Package scrbase Info: activating english \figurename on input line 32.
Package scrbase Info: activating english \tablename on input line 32.
Package scrbase Info: activating english \contentsname on input line 32.
Package scrbase Info: activating english \listfigurename on input line 32.
Package scrbase Info: activating english \listtablename on input line 32.
Package scrbase Info: activating english \bibname on input line 32.
Package scrbase Info: activating english \indexname on input line 32.
 (/usr/share/texlive/texmf-dist/tex/context/base/mkii/supp-pdf.mkii
[Loading MPS to PDF converter (version 2006.09.02).]
\scratchcounter=\count314
\scratchdimen=\dimen189
\scratchbox=\box61
\nofMPsegments=\count315
\nofMParguments=\count316
\everyMPshowfont=\toks36
\MPscratchCnt=\count317
\MPscratchDim=\dimen190
\MPnumerator=\count318
\makeMPintoPDFobject=\count319
\everyMPtoPDFconversion=\toks37
) (/usr/share/texlive/texmf-dist/tex/latex/epstopdf-pkg/epstopdf-base.sty
Package: epstopdf-base 2020-01-24 v2.11 Base part for package epstopdf
Package epstopdf-base Info: Redefining graphics rule for `.eps' on input line 485.
 (/usr/share/texlive/texmf-dist/tex/latex/latexconfig/epstopdf-sys.cfg
File: epstopdf-sys.cfg 2010/07/13 v1.3 Configuration of (r)epstopdf for TeX Live
)) (/usr/share/texlive/texmf-dist/tex/latex/pdflscape/pdflscape.sty
Package: pdflscape 2022-10-27 v0.13 Display of landscape pages in PDF
 (/usr/share/texlive/texmf-dist/tex/latex/pdflscape/pdflscape-nometadata.sty
Package: pdflscape-nometadata 2022-10-28 v0.13 Display of landscape pages in PDF (HO)
 (/usr/share/texlive/texmf-dist/tex/latex/graphics/lscape.sty
Package: lscape 2020/05/28 v3.02 Landscape Pages (DPC)
)
Package pdflscape Info: Auto-detected driver: pdftex on input line 81.
))
Package hyperref Info: Link coloring ON on input line 32.
 (./vorlage.out) (./vorlage.out)
\@outlinefile=\write4
\openout4 = `vorlage.out'.

Package hyperref Info: Anchor `Doc-Start' on input line 32.
Class scrbook Info: loading recommended package `bookmark'.
(scrbook)           Using `bookmark' together with `hyperref' is recommended,
(scrbook)           because of handling of possible bookmark level gaps.
(scrbook)           You can avoid loading `bookmark' with KOMA-Script option
(scrbook)           `bookmarkpackage=false' before \begin{document} and
(scrbook)           you can avoid this message adding:
(scrbook)             \usepackage{bookmark}
(scrbook)           before \begin{document} on input line 32.
 (/usr/share/texlive/texmf-dist/tex/latex/bookmark/bookmark.sty
Package: bookmark 2023-12-10 v1.31 PDF bookmarks (HO)
 (/usr/share/texlive/texmf-dist/tex/latex/bookmark/bkm-pdftex.def
File: bkm-pdftex.def 2023-12-10 v1.31 bookmark driver for pdfTeX and luaTeX (HO)
\BKM@id=\count320
))
Option `squaren' provided! 
 Command \squaren defined by SIunits package!

(./preamble/pre-tablesettings.tex)
\openout2 = `chapters/ch-aa-titel.aux'.

 (./chapters/ch-aa-titel.tex
LaTeX Font Info:    Trying to load font information for T1+lmss on input line 7.
 (/usr/share/texmf/tex/latex/lm/t1lmss.fd
File: t1lmss.fd 2015/05/01 v1.6.1 Font defs for Latin Modern
)
<fig/aa-titel/HE_Logo_4c.pdf, id=4, 126.13202pt x 31.17377pt>
File: fig/aa-titel/HE_Logo_4c.pdf Graphic file (type pdf)
<use fig/aa-titel/HE_Logo_4c.pdf>
Package pdftex.def Info: fig/aa-titel/HE_Logo_4c.pdf  used on input line 9.
(pdftex.def)             Requested size: 142.26378pt x 35.16219pt.
<fig/aa-titel/IPA_Logo.jpg, id=5, 602.25pt x 301.125pt>
File: fig/aa-titel/IPA_Logo.jpg Graphic file (type jpg)
<use fig/aa-titel/IPA_Logo.jpg>
Package pdftex.def Info: fig/aa-titel/IPA_Logo.jpg  used on input line 11.
(pdftex.def)             Requested size: 142.26378pt x 71.13196pt.
LaTeX Font Info:    Trying to load font information for TS1+lmss on input line 23.
 (/usr/share/texmf/tex/latex/lm/ts1lmss.fd
File: ts1lmss.fd 2015/05/01 v1.6.1 Font defs for Latin Modern
)
Package hyperref Info: Anchor `page.i' on input line 45.
 [1





{/var/lib/texmf/fonts/map/pdftex/updmap/pdftex.map}{/usr/share/texmf/fonts/enc/dvips/lm/lm-ec.enc}{/usr/share/texmf/fonts/enc/dvips/lm/lm-ts1.enc} <./fig/aa-titel/HE_Logo_4c.pdf> <./fig/aa-titel/IPA_Logo.jpg>])
\openout2 = `chapters/ch-aa-vorspiel.aux'.

 (./chapters/ch-aa-vorspiel.tex
Package hyperref Info: Anchor `chapter*.1' on input line 2.
LaTeX Font Info:    Trying to load font information for TS1+lmr on input line 6.
 (/usr/share/texmf/tex/latex/lm/ts1lmr.fd
File: ts1lmr.fd 2015/05/01 v1.6.1 Font defs for Latin Modern
)
LaTeX Font Info:    Trying to load font information for OT1+lmr on input line 13.
 (/usr/share/texmf/tex/latex/lm/ot1lmr.fd
File: ot1lmr.fd 2015/05/01 v1.6.1 Font defs for Latin Modern
)
LaTeX Font Info:    Trying to load font information for OML+lmm on input line 13.
 (/usr/share/texmf/tex/latex/lm/omllmm.fd
File: omllmm.fd 2015/05/01 v1.6.1 Font defs for Latin Modern
)
LaTeX Font Info:    Trying to load font information for OMS+lmsy on input line 13.
 (/usr/share/texmf/tex/latex/lm/omslmsy.fd
File: omslmsy.fd 2015/05/01 v1.6.1 Font defs for Latin Modern
)
LaTeX Font Info:    Trying to load font information for OMX+lmex on input line 13.
 (/usr/share/texmf/tex/latex/lm/omxlmex.fd
File: omxlmex.fd 2015/05/01 v1.6.1 Font defs for Latin Modern
)
LaTeX Font Info:    External font `lmex10' loaded for size
(Font)              <10> on input line 13.
LaTeX Font Info:    External font `lmex10' loaded for size
(Font)              <7> on input line 13.
LaTeX Font Info:    External font `lmex10' loaded for size
(Font)              <5> on input line 13.
LaTeX Font Info:    Trying to load font information for U+msa on input line 13.
 (/usr/share/texlive/texmf-dist/tex/latex/amsfonts/umsa.fd
File: umsa.fd 2013/01/14 v3.01 AMS symbols A
)
LaTeX Font Info:    Trying to load font information for U+msb on input line 13.
 (/usr/share/texlive/texmf-dist/tex/latex/amsfonts/umsb.fd
File: umsb.fd 2013/01/14 v3.01 AMS symbols B
)
LaTeX Font Info:    External font `lmex10' loaded for size
(Font)              <10.95> on input line 13.
LaTeX Font Info:    External font `lmex10' loaded for size
(Font)              <8> on input line 13.
LaTeX Font Info:    External font `lmex10' loaded for size
(Font)              <6> on input line 13.
Package hyperref Info: Anchor `page.ii' on input line 13.
 [2





]
Package hyperref Info: Anchor `chapter*.2' on input line 16.
Package hyperref Info: Anchor `page.iii' on input line 21.
 [3


]
Package hyperref Info: Anchor `chapter*.3' on input line 24.
Package hyperref Info: Anchor `page.iv' on input line 39.
 [4


]
Package hyperref Info: Anchor `chapter*.4' on input line 41.
Package hyperref Info: Anchor `page.v' on input line 45.
 [5


])
\openout2 = `chapters/ch-aa-zusfasg.aux'.

 (./chapters/ch-aa-zusfasg.tex
Package hyperref Info: Anchor `chapter*.5' on input line 1.
)
Package hyperref Info: Anchor `page.vi' on input line 41.
 [6





]
Package hyperref Info: Anchor `chapter*.6' on input line 43.
 (./vorlage.toc
Package hyperref Info: Reference (link) `chapter.1' on input line 2.
Package hyperref Info: Reference (link) `section.1.1' on input line 3.
Package hyperref Info: Reference (link) `section.1.2' on input line 4.
Package hyperref Info: Reference (link) `chapter.2' on input line 5.
Package hyperref Info: Reference (link) `section.2.1' on input line 6.
Package hyperref Info: Reference (link) `subsection.2.1.1' on input line 7.
Package hyperref Info: Reference (link) `subsection.2.1.2' on input line 14.
Package hyperref Info: Reference (link) `subsection.2.1.3' on input line 20.
Package hyperref Info: Reference (link) `section.2.2' on input line 28.
Package hyperref Info: Reference (link) `chapter.3' on input line 29.
Package hyperref Info: Reference (link) `section.3.1' on input line 30.
Package hyperref Info: Reference (link) `subsection.3.1.1' on input line 31.
Package hyperref Info: Reference (link) `subsection.3.1.2' on input line 32.
Package hyperref Info: Reference (link) `subsection.3.1.3' on input line 33.
Package hyperref Info: Reference (link) `subsection.3.1.4' on input line 34.
Package hyperref Info: Reference (link) `section.3.2' on input line 35.
Package hyperref Info: Reference (link) `subsection.3.2.1' on input line 36.
Package hyperref Info: Reference (link) `subsection.3.2.2' on input line 37.
Package hyperref Info: Reference (link) `subsection.3.2.3' on input line 38.
Package hyperref Info: Reference (link) `section.3.3' on input line 39.
Package hyperref Info: Reference (link) `section.3.4' on input line 40.
Package hyperref Info: Reference (link) `section.3.5' on input line 41.
Package hyperref Info: Reference (link) `section.3.6' on input line 42.
Package hyperref Info: Reference (link) `section.3.7' on input line 43.
Package hyperref Info: Reference (link) `section.3.8' on input line 44.
Package hyperref Info: Reference (link) `chapter.4' on input line 45.
Package hyperref Info: Reference (link) `section.4.1' on input line 46.
Package hyperref Info: Reference (link) `subsection.4.1.1' on input line 47.
Package hyperref Info: Reference (link) `subsection.4.1.2' on input line 49.
Package hyperref Info: Reference (link) `subsection.4.1.3' on input line 50.
Package hyperref Info: Reference (link) `subsection.4.1.4' on input line 52.
Package hyperref Info: Reference (link) `subsection.4.1.5' on input line 55.
Package hyperref Info: Reference (link) `subsection.4.1.6' on input line 59.
Package hyperref Info: Anchor `page.vii' on input line 62.
 [7




Package `hyperref' Info: End of reference (link) `chapter.1', line 2.
Package `hyperref' Info: End of reference (link) `section.1.1', line 3.
Package `hyperref' Info: End of reference (link) `section.1.2', line 4.
Package `hyperref' Info: End of reference (link) `chapter.2', line 5.
Package `hyperref' Info: End of reference (link) `section.2.1', line 6.
Package `hyperref' Info: End of reference (link) `subsection.2.1.1', line 7.
Package `hyperref' Info: End of reference (link) `subsection.2.1.2', line 14.
Package `hyperref' Info: End of reference (link) `subsection.2.1.3', line 20.
Package `hyperref' Info: End of reference (link) `section.2.2', line 28.
Package `hyperref' Info: End of reference (link) `chapter.3', line 29.
Package `hyperref' Info: End of reference (link) `section.3.1', line 30.
Package `hyperref' Info: End of reference (link) `subsection.3.1.1', line 31.
Package `hyperref' Info: End of reference (link) `subsection.3.1.2', line 32.
Package `hyperref' Info: End of reference (link) `subsection.3.1.3', line 33.
Package `hyperref' Info: End of reference (link) `subsection.3.1.4', line 34.
Package `hyperref' Info: End of reference (link) `section.3.2', line 35.
Package `hyperref' Info: End of reference (link) `subsection.3.2.1', line 36.
Package `hyperref' Info: End of reference (link) `subsection.3.2.2', line 37.
Package `hyperref' Info: End of reference (link) `subsection.3.2.3', line 38.
Package `hyperref' Info: End of reference (link) `section.3.3', line 39.
Package `hyperref' Info: End of reference (link) `section.3.4', line 40.
Package `hyperref' Info: End of reference (link) `section.3.5', line 41.
Package `hyperref' Info: End of reference (link) `section.3.6', line 42.
Package `hyperref' Info: End of reference (link) `section.3.7', line 43.
Package `hyperref' Info: End of reference (link) `section.3.8', line 44.
Package `hyperref' Info: End of reference (link) `chapter.4', line 45.
Package `hyperref' Info: End of reference (link) `section.4.1', line 46.
Package `hyperref' Info: End of reference (link) `subsection.4.1.1', line 47.
Package `hyperref' Info: End of reference (link) `subsection.4.1.2', line 49.
Package `hyperref' Info: End of reference (link) `subsection.4.1.3', line 50.
Package `hyperref' Info: End of reference (link) `subsection.4.1.4', line 52.
Package `hyperref' Info: End of reference (link) `subsection.4.1.5', line 55.
]
Package hyperref Info: Reference (link) `subsection.4.1.7' on input line 62.
Package hyperref Info: Reference (link) `subsection.4.1.8' on input line 63.
Package hyperref Info: Reference (link) `subsection.4.1.9' on input line 64.
Package hyperref Info: Reference (link) `subsection.4.1.10' on input line 65.
Package hyperref Info: Reference (link) `section.4.2' on input line 66.
Package hyperref Info: Reference (link) `subsection.4.2.1' on input line 67.
Package hyperref Info: Reference (link) `subsection.4.2.2' on input line 68.
Package hyperref Info: Reference (link) `subsection.4.2.3' on input line 70.
Package hyperref Info: Reference (link) `subsection.4.2.4' on input line 73.
Package hyperref Info: Reference (link) `subsection.4.2.5' on input line 76.
Package hyperref Info: Reference (link) `subsection.4.2.6' on input line 79.
Package hyperref Info: Reference (link) `subsection.4.2.7' on input line 80.
Package hyperref Info: Reference (link) `subsection.4.2.8' on input line 81.
Package hyperref Info: Reference (link) `subsection.4.2.9' on input line 82.
Package hyperref Info: Reference (link) `chapter.5' on input line 83.
Package hyperref Info: Reference (link) `section.5.1' on input line 84.
Package hyperref Info: Reference (link) `section.5.2' on input line 85.
Package hyperref Info: Reference (link) `chapter.6' on input line 86.
Package hyperref Info: Reference (link) `section.6.1' on input line 87.
Package hyperref Info: Reference (link) `subsection.6.1.1' on input line 88.
Package hyperref Info: Reference (link) `subsection.6.1.2' on input line 89.
Package hyperref Info: Reference (link) `section.6.2' on input line 90.
Package hyperref Info: Reference (link) `subsection.6.2.1' on input line 91.
Package hyperref Info: Reference (link) `subsection.6.2.2' on input line 92.
Package hyperref Info: Reference (link) `chapter.7' on input line 93.
Package hyperref Info: Reference (link) `section.7.1' on input line 94.
Package hyperref Info: Reference (link) `section.7.2' on input line 95.
Package hyperref Info: Reference (link) `section.7.3' on input line 96.
Package hyperref Info: Reference (link) `appendix.A' on input line 97.
Package hyperref Info: Reference (link) `chapter*.78' on input line 98.
)
\tf@toc=\write5
\openout5 = `vorlage.toc'.

Package hyperref Info: Anchor `page.viii' on input line 44.
 [8
Package `hyperref' Info: End of reference (link) `subsection.4.1.6', line 59.
Package `hyperref' Info: End of reference (link) `subsection.4.1.7', line 62.
Package `hyperref' Info: End of reference (link) `subsection.4.1.8', line 63.
Package `hyperref' Info: End of reference (link) `subsection.4.1.9', line 64.
Package `hyperref' Info: End of reference (link) `subsection.4.1.10', line 65.
Package `hyperref' Info: End of reference (link) `section.4.2', line 66.
Package `hyperref' Info: End of reference (link) `subsection.4.2.1', line 67.
Package `hyperref' Info: End of reference (link) `subsection.4.2.2', line 68.
Package `hyperref' Info: End of reference (link) `subsection.4.2.3', line 70.
Package `hyperref' Info: End of reference (link) `subsection.4.2.4', line 73.
Package `hyperref' Info: End of reference (link) `subsection.4.2.5', line 76.
Package `hyperref' Info: End of reference (link) `subsection.4.2.6', line 79.
Package `hyperref' Info: End of reference (link) `subsection.4.2.7', line 80.
Package `hyperref' Info: End of reference (link) `subsection.4.2.8', line 81.
Package `hyperref' Info: End of reference (link) `subsection.4.2.9', line 82.
Package `hyperref' Info: End of reference (link) `chapter.5', line 83.
Package `hyperref' Info: End of reference (link) `section.5.1', line 84.
Package `hyperref' Info: End of reference (link) `section.5.2', line 85.
Package `hyperref' Info: End of reference (link) `chapter.6', line 86.
Package `hyperref' Info: End of reference (link) `section.6.1', line 87.
Package `hyperref' Info: End of reference (link) `subsection.6.1.1', line 88.
Package `hyperref' Info: End of reference (link) `subsection.6.1.2', line 89.
Package `hyperref' Info: End of reference (link) `section.6.2', line 90.
Package `hyperref' Info: End of reference (link) `subsection.6.2.1', line 91.
Package `hyperref' Info: End of reference (link) `subsection.6.2.2', line 92.
Package `hyperref' Info: End of reference (link) `chapter.7', line 93.
Package `hyperref' Info: End of reference (link) `section.7.1', line 94.
Package `hyperref' Info: End of reference (link) `section.7.2', line 95.
Package `hyperref' Info: End of reference (link) `section.7.3', line 96.
Package `hyperref' Info: End of reference (link) `appendix.A', line 97.
Package `hyperref' Info: End of reference (link) `chapter*.78', line 98.
]
Package hyperref Info: Anchor `chapter*.7' on input line 44.
 (./vorlage.lof)
\tf@lof=\write6
\openout6 = `vorlage.lof'.

Package hyperref Info: Anchor `page.ix' on input line 45.
 [9


]
Package hyperref Info: Anchor `chapter*.8' on input line 45.
 (./vorlage.lot
Package hyperref Info: Reference (link) `table.4.1' on input line 6.
Package hyperref Info: Reference (link) `table.4.2' on input line 7.
Package hyperref Info: Reference (link) `table.4.3' on input line 8.
Package hyperref Info: Reference (link) `table.4.4' on input line 9.
Package hyperref Info: Reference (link) `table.4.5' on input line 10.
)
\tf@lot=\write7
\openout7 = `vorlage.lot'.

 (./vorlage.nls
Package hyperref Info: Anchor `page.x' on input line 2.
 [10


Package `hyperref' Info: End of reference (link) `table.4.1', line 6.
Package `hyperref' Info: End of reference (link) `table.4.2', line 7.
Package `hyperref' Info: End of reference (link) `table.4.3', line 8.
Package `hyperref' Info: End of reference (link) `table.4.4', line 9.
Package `hyperref' Info: End of reference (link) `table.4.5', line 10.
]
Package hyperref Info: Anchor `chapter*.9' on input line 2.
Package hyperref Info: Anchor `page.xi' on input line 18.
 [11


{/usr/share/texmf/fonts/enc/dvips/lm/lm-rm.enc}{/usr/share/texmf/fonts/enc/dvips/lm/lm-mathit.enc}{/usr/share/texmf/fonts/enc/dvips/lm/lm-mathsy.enc}]
Package hyperref Info: Anchor `page.xii' on input line 34.
 [12])
Package hyperref Info: Anchor `page.xiii' on input line 50.
 [13]
\openout2 = `chapters/ch-hauptteil.aux'.

 (./chapters/ch-hauptteil.tex (./chapters/ch-introduction.tex
Package hyperref Info: Anchor `chapter.1' on input line 1.

chapter 1.
Package hyperref Info: bookmark on input line 1:
(hyperref)             thecounter {1}
(hyperref)             text {\protect \numberline {\csname \@ifundefined {chaptertocformat}{thechapter}{chaptertocformat}\endcsname }\@currenttocentry }
(hyperref)             reference {chapter.1}
(hyperref)             toclevel {0}
(hyperref)             type {toc}.
(./chapters/intro-subsections/motivation.tex
Package hyperref Info: Anchor `section.1.1' on input line 1.
Package hyperref Info: bookmark on input line 1:
(hyperref)             thecounter {1.1}
(hyperref)             text {\protect \numberline {\csname sectiontocformat\endcsname }\@currenttocentry }
(hyperref)             reference {section.1.1}
(hyperref)             toclevel {1}
(hyperref)             type {toc}.
Package hyperref Info: Reference (cite) `cite.Todescato' on input line 4.
Package hyperref Info: Reference (cite) `cite.Dinakaran2022A' on input line 5.
Package hyperref Info: Reference (cite) `cite.Kang2019Design' on input line 6.
Package hyperref Info: Reference (cite) `cite.Courchesne2023A' on input line 8.
Package hyperref Info: Reference (cite) `cite.Liu2024Topology' on input line 11.
Package hyperref Info: Reference (cite) `cite.Doerterler2021Analyzing' on input line 19.
Package hyperref Info: Anchor `page.1' on input line 20.
 [1




Package `hyperref' Info: End of reference (cite) `cite.Todescato', line 4.
Package `hyperref' Info: End of reference (cite) `cite.Dinakaran2022A', line 5.
Package `hyperref' Info: End of reference (cite) `cite.Kang2019Design', line 6.
Package `hyperref' Info: End of reference (cite) `cite.Courchesne2023A', line 8.
Package `hyperref' Info: End of reference (cite) `cite.Liu2024Topology', line 11.
]
Package hyperref Info: Reference (cite) `cite.Guo2022Evolutionary' on input line 25.
Package hyperref Info: Reference (cite) `cite.Liu2024Topology' on input line 33.
) (./chapters/intro-subsections/problem_definition.tex
Package hyperref Info: Anchor `section.1.2' on input line 1.
Package hyperref Info: bookmark on input line 1:
(hyperref)             thecounter {1.2}
(hyperref)             text {\protect \numberline {\csname sectiontocformat\endcsname }\@currenttocentry }
(hyperref)             reference {section.1.2}
(hyperref)             toclevel {1}
(hyperref)             type {toc}.
Package hyperref Info: Reference (cite) `cite.Liu2022Simulation' on input line 5.
Package hyperref Info: Reference (cite) `cite.Santoni2023Comparison' on input line 7.
Package hyperref Info: Reference (cite) `cite.Mueller2017SOCEMO' on input line 11.
Package hyperref Info: Reference (cite) `cite.Santoni2023Comparison' on input line 13.
Package hyperref Info: Reference (cite) `cite.Raponi2023Optimizing' on input line 13.
Package hyperref Info: Anchor `page.2' on input line 14.
 [2
Package `hyperref' Info: End of reference (cite) `cite.Doerterler2021Analyzing', line 19.
Package `hyperref' Info: End of reference (cite) `cite.Guo2022Evolutionary', line 25.
Package `hyperref' Info: End of reference (cite) `cite.Liu2024Topology', line 33.
]
Package hyperref Info: Reference (cite) `cite.Datta2011Optimizing' on input line 17.
Package hyperref Info: Reference (cite) `cite.Belakaria2020Uncertainty-Aware' on input line 17.
Package hyperref Info: Reference (cite) `cite.pymoo' on input line 25.
Package hyperref Info: Reference (cite) `cite.Audet2018Performance' on input line 27.
Package hyperref Info: Anchor `page.3' on input line 34.
 [3
Package `hyperref' Info: End of reference (cite) `cite.Liu2022Simulation', line 5.
Package `hyperref' Info: End of reference (cite) `cite.Santoni2023Comparison', line 7.
Package `hyperref' Info: End of reference (cite) `cite.Mueller2017SOCEMO', line 11.
Package `hyperref' Info: End of reference (cite) `cite.Santoni2023Comparison', line 13.
Package `hyperref' Info: End of reference (cite) `cite.Raponi2023Optimizing', line 13.
Package `hyperref' Info: End of reference (cite) `cite.Datta2011Optimizing', line 17.
Package `hyperref' Info: End of reference (cite) `cite.Belakaria2020Uncertainty-Aware', line 17.
Package `hyperref' Info: End of reference (cite) `cite.pymoo', line 25.
Package `hyperref' Info: End of reference (cite) `cite.Audet2018Performance', line 27.
])) (./chapters/ch-literature_review.tex
Package hyperref Info: Anchor `page.4' on input line 1.
 [4]
Package hyperref Info: Anchor `chapter.2' on input line 1.

chapter 2.
Package hyperref Info: bookmark on input line 1:
(hyperref)             thecounter {2}
(hyperref)             text {\protect \numberline {\csname \@ifundefined {chaptertocformat}{thechapter}{chaptertocformat}\endcsname }\@currenttocentry }
(hyperref)             reference {chapter.2}
(hyperref)             toclevel {0}
(hyperref)             type {toc}.
(./chapters/lit_review-subsections/theoretical_bg.tex
Package hyperref Info: Anchor `section.2.1' on input line 1.
Package hyperref Info: bookmark on input line 1:
(hyperref)             thecounter {2.1}
(hyperref)             text {\protect \numberline {\csname sectiontocformat\endcsname }\@currenttocentry }
(hyperref)             reference {section.2.1}
(hyperref)             toclevel {1}
(hyperref)             type {toc}.
Package hyperref Info: Anchor `subsection.2.1.1' on input line 4.
Package hyperref Info: bookmark on input line 4:
(hyperref)             thecounter {2.1.1}
(hyperref)             text {\protect \numberline {\csname subsectiontocformat\endcsname }\@currenttocentry }
(hyperref)             reference {subsection.2.1.1}
(hyperref)             toclevel {2}
(hyperref)             type {toc}.
Package hyperref Info: Anchor `subsubsection*.11' on input line 7.
Package hyperref Info: Anchor `section*.10' on input line 7.
Package hyperref Info: bookmark on input line 7:
(hyperref)             thecounter {2.1.1.0}
(hyperref)             text {\protect \nonumberline \@currenttocentry }
(hyperref)             reference {subsubsection*.11}
(hyperref)             toclevel {3}
(hyperref)             type {toc}.
Package hyperref Info: Reference (cite) `cite.Audet2017Derivative-Free' on input line 11.
Package hyperref Info: Reference (cite) `cite.Jones2022Constrained' on input line 14.
Package hyperref Info: Anchor `subsubsection*.13' on input line 19.
Package hyperref Info: Anchor `section*.12' on input line 19.
Package hyperref Info: bookmark on input line 19:
(hyperref)             thecounter {2.1.1.0}
(hyperref)             text {\protect \nonumberline \@currenttocentry }
(hyperref)             reference {subsubsection*.13}
(hyperref)             toclevel {3}
(hyperref)             type {toc}.
Package hyperref Info: Reference (cite) `cite.Deb2011Multi-objective' on input line 23.
Package hyperref Info: Anchor `page.5' on input line 24.
 [5


Package `hyperref' Info: End of reference (cite) `cite.Audet2017Derivative-Free', line 11.
Package `hyperref' Info: End of reference (cite) `cite.Jones2022Constrained', line 14.
]
Package hyperref Info: Anchor `equation.2.1.1' on input line 25.
Package hyperref Info: Reference (cite) `cite.Deb2011Multi-objective' on input line 33.
Package hyperref Info: Reference (cite) `cite.Gunantara2018A' on input line 33.
Package hyperref Info: Anchor `subsubsection*.15' on input line 35.
Package hyperref Info: Anchor `section*.14' on input line 35.
Package hyperref Info: bookmark on input line 35:
(hyperref)             thecounter {2.1.1.0}
(hyperref)             text {\protect \nonumberline \@currenttocentry }
(hyperref)             reference {subsubsection*.15}
(hyperref)             toclevel {3}
(hyperref)             type {toc}.
Package hyperref Info: Anchor `equation.2.1.2' on input line 41.
Package hyperref Info: Reference (cite) `cite.Audet2018Performance' on input line 52.
Package hyperref Info: Reference (cite) `cite.Shang2021A' on input line 52.
Package hyperref Info: Anchor `page.6' on input line 53.
 [6
Package `hyperref' Info: End of reference (cite) `cite.Deb2011Multi-objective', line 23.
{/usr/share/texmf/fonts/enc/dvips/lm/lm-mathex.enc}
Package `hyperref' Info: End of reference (cite) `cite.Deb2011Multi-objective', line 33.
Package `hyperref' Info: End of reference (cite) `cite.Gunantara2018A', line 33.
]
Package hyperref Info: Anchor `subsubsection*.17' on input line 54.
Package hyperref Info: Anchor `section*.16' on input line 54.
Package hyperref Info: bookmark on input line 54:
(hyperref)             thecounter {2.1.1.0}
(hyperref)             text {\protect \nonumberline \@currenttocentry }
(hyperref)             reference {subsubsection*.17}
(hyperref)             toclevel {3}
(hyperref)             type {toc}.
Package hyperref Info: Reference (cite) `cite.Abulail2025Enhanced' on input line 61.
Package hyperref Info: Reference (cite) `cite.Ishibuchi2017Performance' on input line 66.
Package hyperref Info: Reference (cite) `cite.Li2015An' on input line 66.
Package hyperref Info: Anchor `subsubsection*.19' on input line 68.
Package hyperref Info: Anchor `section*.18' on input line 68.
Package hyperref Info: bookmark on input line 68:
(hyperref)             thecounter {2.1.1.0}
(hyperref)             text {\protect \nonumberline \@currenttocentry }
(hyperref)             reference {subsubsection*.19}
(hyperref)             toclevel {3}
(hyperref)             type {toc}.
Package hyperref Info: Reference (cite) `cite.Frazier2018A' on input line 72.
Package hyperref Info: Reference (cite) `cite.Frazier2018A' on input line 74.
Package hyperref Info: Reference (cite) `cite.Candelieri2021A' on input line 74.
Package hyperref Info: Reference (cite) `cite.Wang2022Recent' on input line 75.
Package hyperref Info: Reference (cite) `cite.olson2025ax' on input line 75.
Package hyperref Info: Anchor `page.7' on input line 77.
 [7
Package `hyperref' Info: End of reference (cite) `cite.Audet2018Performance', line 52.
Package `hyperref' Info: End of reference (cite) `cite.Shang2021A', line 52.
Package `hyperref' Info: End of reference (cite) `cite.Abulail2025Enhanced', line 61.
Package `hyperref' Info: End of reference (cite) `cite.Ishibuchi2017Performance', line 66.
Package `hyperref' Info: End of reference (cite) `cite.Li2015An', line 66.
Package `hyperref' Info: End of reference (cite) `cite.Frazier2018A', line 72.
]
Package hyperref Info: Anchor `subsubsection*.21' on input line 77.
Package hyperref Info: Anchor `section*.20' on input line 77.
Package hyperref Info: bookmark on input line 77:
(hyperref)             thecounter {2.1.1.0}
(hyperref)             text {\protect \nonumberline \@currenttocentry }
(hyperref)             reference {subsubsection*.21}
(hyperref)             toclevel {3}
(hyperref)             type {toc}.
Package hyperref Info: Reference (cite) `cite.Sivaprasad2019Optimizer' on input line 83.
Package hyperref Info: Reference (cite) `cite.Ishibuchi2022Difficulties' on input line 83.
LaTeX Font Info:    Trying to load font information for T1+lmtt on input line 87.
 (/usr/share/texmf/tex/latex/lm/t1lmtt.fd
File: t1lmtt.fd 2015/05/01 v1.6.1 Font defs for Latin Modern
)
Package hyperref Info: Reference (cite) `cite.pymoo' on input line 87.
Package hyperref Info: Reference (cite) `cite.Probst2018Tunability:' on input line 89.
Package hyperref Info: Anchor `subsection.2.1.2' on input line 92.
Package hyperref Info: bookmark on input line 92:
(hyperref)             thecounter {2.1.2}
(hyperref)             text {\protect \numberline {\csname subsectiontocformat\endcsname }\@currenttocentry }
(hyperref)             reference {subsection.2.1.2}
(hyperref)             toclevel {2}
(hyperref)             type {toc}.
Package hyperref Info: Reference (link) `subsubsection*.17' on input line 96.
Package hyperref Info: Anchor `subsubsection*.23' on input line 99.
Package hyperref Info: Anchor `section*.22' on input line 99.
Package hyperref Info: bookmark on input line 99:
(hyperref)             thecounter {2.1.2.0}
(hyperref)             text {\protect \nonumberline \@currenttocentry }
(hyperref)             reference {subsubsection*.23}
(hyperref)             toclevel {3}
(hyperref)             type {toc}.
Package hyperref Info: Reference (cite) `cite.nsga2' on input line 108.
Package hyperref Info: Anchor `page.8' on input line 109.
 [8
Package `hyperref' Info: End of reference (cite) `cite.Frazier2018A', line 74.
Package `hyperref' Info: End of reference (cite) `cite.Candelieri2021A', line 74.
Package `hyperref' Info: End of reference (cite) `cite.Wang2022Recent', line 75.
Package `hyperref' Info: End of reference (cite) `cite.olson2025ax', line 75.
Package `hyperref' Info: End of reference (cite) `cite.Sivaprasad2019Optimizer', line 83.
Package `hyperref' Info: End of reference (cite) `cite.Ishibuchi2022Difficulties', line 83.
Package `hyperref' Info: End of reference (cite) `cite.pymoo', line 87.
Package `hyperref' Info: End of reference (cite) `cite.Probst2018Tunability:', line 89.
Package `hyperref' Info: End of reference (link) `subsubsection*.17', line 96.
]
Package hyperref Info: Anchor `subsubsection*.25' on input line 110.
Package hyperref Info: Anchor `section*.24' on input line 110.
Package hyperref Info: bookmark on input line 110:
(hyperref)             thecounter {2.1.2.0}
(hyperref)             text {\protect \nonumberline \@currenttocentry }
(hyperref)             reference {subsubsection*.25}
(hyperref)             toclevel {3}
(hyperref)             type {toc}.
Package hyperref Info: Reference (cite) `cite.nsga3' on input line 117.
Package hyperref Info: Anchor `subsubsection*.27' on input line 119.
Package hyperref Info: Anchor `section*.26' on input line 119.
Package hyperref Info: bookmark on input line 119:
(hyperref)             thecounter {2.1.2.0}
(hyperref)             text {\protect \nonumberline \@currenttocentry }
(hyperref)             reference {subsubsection*.27}
(hyperref)             toclevel {3}
(hyperref)             type {toc}.
Package hyperref Info: Reference (cite) `cite.pymoo' on input line 126.
Package hyperref Info: Anchor `page.9' on input line 127.
 [9
Package `hyperref' Info: End of reference (cite) `cite.nsga2', line 108.
Package `hyperref' Info: End of reference (cite) `cite.nsga3', line 117.
]
Package hyperref Info: Anchor `subsubsection*.29' on input line 128.
Package hyperref Info: Anchor `section*.28' on input line 128.
Package hyperref Info: bookmark on input line 128:
(hyperref)             thecounter {2.1.2.0}
(hyperref)             text {\protect \nonumberline \@currenttocentry }
(hyperref)             reference {subsubsection*.29}
(hyperref)             toclevel {3}
(hyperref)             type {toc}.
Package hyperref Info: Reference (cite) `cite.smsemoa' on input line 135.
Package hyperref Info: Anchor `subsubsection*.31' on input line 137.
Package hyperref Info: Anchor `section*.30' on input line 137.
Package hyperref Info: bookmark on input line 137:
(hyperref)             thecounter {2.1.2.0}
(hyperref)             text {\protect \nonumberline \@currenttocentry }
(hyperref)             reference {subsubsection*.31}
(hyperref)             toclevel {3}
(hyperref)             type {toc}.
Package hyperref Info: Reference (cite) `cite.cmopso' on input line 145.
Package hyperref Info: Anchor `page.10' on input line 146.
 [10
Package `hyperref' Info: End of reference (cite) `cite.pymoo', line 126.
Package `hyperref' Info: End of reference (cite) `cite.smsemoa', line 135.
]
Package hyperref Info: Anchor `subsection.2.1.3' on input line 148.
Package hyperref Info: bookmark on input line 148:
(hyperref)             thecounter {2.1.3}
(hyperref)             text {\protect \numberline {\csname subsectiontocformat\endcsname }\@currenttocentry }
(hyperref)             reference {subsection.2.1.3}
(hyperref)             toclevel {2}
(hyperref)             type {toc}.
Package hyperref Info: Anchor `subsubsection*.33' on input line 151.
Package hyperref Info: Anchor `section*.32' on input line 151.
Package hyperref Info: bookmark on input line 151:
(hyperref)             thecounter {2.1.3.0}
(hyperref)             text {\protect \nonumberline \@currenttocentry }
(hyperref)             reference {subsubsection*.33}
(hyperref)             toclevel {3}
(hyperref)             type {toc}.
Package hyperref Info: Reference (cite) `cite.Prattichizzo2014Robot' on input line 155.
Package hyperref Info: Reference (cite) `cite.Nguyen1986Constructing' on input line 157.
Package hyperref Info: Anchor `subsubsection*.35' on input line 160.
Package hyperref Info: Anchor `section*.34' on input line 160.
Package hyperref Info: bookmark on input line 160:
(hyperref)             thecounter {2.1.3.0}
(hyperref)             text {\protect \nonumberline \@currenttocentry }
(hyperref)             reference {subsubsection*.35}
(hyperref)             toclevel {3}
(hyperref)             type {toc}.
Package hyperref Info: Anchor `paragraph*.37' on input line 165.
Package hyperref Info: Anchor `section*.36' on input line 166.
Package hyperref Info: bookmark on input line 166:
(hyperref)             thecounter {2.1.3.0.0}
(hyperref)             text {\protect \nonumberline \@currenttocentry }
(hyperref)             reference {paragraph*.37}
(hyperref)             toclevel {4}
(hyperref)             type {toc}.
Package hyperref Info: Reference (cite) `cite.Peyre2010Geodesic' on input line 169.
Package hyperref Info: Anchor `paragraph*.39' on input line 171.
Package hyperref Info: Anchor `section*.38' on input line 172.
Package hyperref Info: bookmark on input line 172:
(hyperref)             thecounter {2.1.3.0.0}
(hyperref)             text {\protect \nonumberline \@currenttocentry }
(hyperref)             reference {paragraph*.39}
(hyperref)             toclevel {4}
(hyperref)             type {toc}.
Package hyperref Info: Anchor `page.11' on input line 175.
 [11
Package `hyperref' Info: End of reference (cite) `cite.cmopso', line 145.
Package `hyperref' Info: End of reference (cite) `cite.Prattichizzo2014Robot', line 155.
Package `hyperref' Info: End of reference (cite) `cite.Nguyen1986Constructing', line 157.
Package `hyperref' Info: End of reference (cite) `cite.Peyre2010Geodesic', line 169.
]
Package hyperref Info: Anchor `equation.2.1.3' on input line 176.
Package hyperref Info: Anchor `equation.2.1.4' on input line 182.
Package hyperref Info: Anchor `subsubsection*.41' on input line 195.
Package hyperref Info: Anchor `section*.40' on input line 195.
Package hyperref Info: bookmark on input line 195:
(hyperref)             thecounter {2.1.3.0}
(hyperref)             text {\protect \nonumberline \@currenttocentry }
(hyperref)             reference {subsubsection*.41}
(hyperref)             toclevel {3}
(hyperref)             type {toc}.
Package hyperref Info: Anchor `page.12' on input line 203.
 [12]
Package hyperref Info: Anchor `paragraph*.43' on input line 203.
Package hyperref Info: Anchor `section*.42' on input line 204.
Package hyperref Info: bookmark on input line 204:
(hyperref)             thecounter {2.1.3.0.0}
(hyperref)             text {\protect \nonumberline \@currenttocentry }
(hyperref)             reference {paragraph*.43}
(hyperref)             toclevel {4}
(hyperref)             type {toc}.
Package hyperref Info: Reference (cite) `cite.Eilers1996Flexible' on input line 205.
Package hyperref Info: Anchor `equation.2.1.5' on input line 207.
Package hyperref Info: Reference (cite) `cite.Eilers1996Flexible' on input line 213.
Package hyperref Info: Reference (cite) `cite.Hasan2024B-spline' on input line 214.
Package hyperref Info: Reference (cite) `cite.Eilers1996Flexible' on input line 214.
Package hyperref Info: Anchor `paragraph*.45' on input line 217.
Package hyperref Info: Anchor `section*.44' on input line 218.
Package hyperref Info: bookmark on input line 218:
(hyperref)             thecounter {2.1.3.0.0}
(hyperref)             text {\protect \nonumberline \@currenttocentry }
(hyperref)             reference {paragraph*.45}
(hyperref)             toclevel {4}
(hyperref)             type {toc}.
Package hyperref Info: Reference (cite) `cite.Hasan2024B-spline' on input line 222.
Package hyperref Info: Reference (cite) `cite.Chapelier2022Spline-based' on input line 222.
) (./chapters/lit_review-subsections/state_of_the-art.tex
Package hyperref Info: Anchor `section.2.2' on input line 1.
Package hyperref Info: bookmark on input line 1:
(hyperref)             thecounter {2.2}
(hyperref)             text {\protect \numberline {\csname sectiontocformat\endcsname }\@currenttocentry }
(hyperref)             reference {section.2.2}
(hyperref)             toclevel {1}
(hyperref)             type {toc}.
Package hyperref Info: Reference (cite) `cite.Schillinger2023Model-Free' on input line 7.
Package hyperref Info: Reference (cite) `cite.Geng2025Experimental' on input line 7.
Package hyperref Info: Reference (cite) `cite.Lee2024Grasp' on input line 7.
Package hyperref Info: Reference (cite) `cite.Sun2022LARG:' on input line 9.
Package hyperref Info: Reference (cite) `cite.Dong2018Geometric' on input line 9.
Package hyperref Info: Reference (cite) `cite.Xie2024Design' on input line 9.
Package hyperref Info: Anchor `page.13' on input line 11.
 [13
Package `hyperref' Info: End of reference (cite) `cite.Eilers1996Flexible', line 205.
Package `hyperref' Info: End of reference (cite) `cite.Eilers1996Flexible', line 213.
Package `hyperref' Info: End of reference (cite) `cite.Hasan2024B-spline', line 214.
Package `hyperref' Info: End of reference (cite) `cite.Eilers1996Flexible', line 214.
Package `hyperref' Info: End of reference (cite) `cite.Hasan2024B-spline', line 222.
Package `hyperref' Info: End of reference (cite) `cite.Chapelier2022Spline-based', line 222.
])) (./chapters/ch-method-temp.tex
Package hyperref Info: Anchor `page.14' on input line 1.
 [14
Package `hyperref' Info: End of reference (cite) `cite.Schillinger2023Model-Free', line 7.
Package `hyperref' Info: End of reference (cite) `cite.Geng2025Experimental', line 7.
Package `hyperref' Info: End of reference (cite) `cite.Lee2024Grasp', line 7.
Package `hyperref' Info: End of reference (cite) `cite.Sun2022LARG:', line 9.
Package `hyperref' Info: End of reference (cite) `cite.Dong2018Geometric', line 9.
Package `hyperref' Info: End of reference (cite) `cite.Xie2024Design', line 9.
]
Package hyperref Info: Anchor `chapter.3' on input line 1.

chapter 3.
Package hyperref Info: bookmark on input line 1:
(hyperref)             thecounter {3}
(hyperref)             text {\protect \numberline {\csname \@ifundefined {chaptertocformat}{thechapter}{chaptertocformat}\endcsname }\@currenttocentry }
(hyperref)             reference {chapter.3}
(hyperref)             toclevel {0}
(hyperref)             type {toc}.
Package hyperref Info: Anchor `section.3.1' on input line 9.
Package hyperref Info: bookmark on input line 9:
(hyperref)             thecounter {3.1}
(hyperref)             text {\protect \numberline {\csname sectiontocformat\endcsname }\@currenttocentry }
(hyperref)             reference {section.3.1}
(hyperref)             toclevel {1}
(hyperref)             type {toc}.
Package hyperref Info: Anchor `subsection.3.1.1' on input line 12.
Package hyperref Info: bookmark on input line 12:
(hyperref)             thecounter {3.1.1}
(hyperref)             text {\protect \numberline {\csname subsectiontocformat\endcsname }\@currenttocentry }
(hyperref)             reference {subsection.3.1.1}
(hyperref)             toclevel {2}
(hyperref)             type {toc}.
Package hyperref Info: Anchor `subsection.3.1.2' on input line 21.
Package hyperref Info: bookmark on input line 21:
(hyperref)             thecounter {3.1.2}
(hyperref)             text {\protect \numberline {\csname subsectiontocformat\endcsname }\@currenttocentry }
(hyperref)             reference {subsection.3.1.2}
(hyperref)             toclevel {2}
(hyperref)             type {toc}.
Package hyperref Info: Anchor `page.15' on input line 30.
[15


]
Package hyperref Info: Anchor `subsection.3.1.3' on input line 31.
Package hyperref Info: bookmark on input line 31:
(hyperref)             thecounter {3.1.3}
(hyperref)             text {\protect \numberline {\csname subsectiontocformat\endcsname }\@currenttocentry }
(hyperref)             reference {subsection.3.1.3}
(hyperref)             toclevel {2}
(hyperref)             type {toc}.
Package hyperref Info: Reference (cite) `cite.DaSilva2024Multi-objective' on input line 35.
Package hyperref Info: Reference (cite) `cite.Audet2018Performance' on input line 38.
Package hyperref Info: Reference (cite) `cite.Nikolikj2025Benchmarking' on input line 39.
Package hyperref Info: Anchor `subsection.3.1.4' on input line 41.
Package hyperref Info: bookmark on input line 41:
(hyperref)             thecounter {3.1.4}
(hyperref)             text {\protect \numberline {\csname subsectiontocformat\endcsname }\@currenttocentry }
(hyperref)             reference {subsection.3.1.4}
(hyperref)             toclevel {2}
(hyperref)             type {toc}.
Package hyperref Info: Anchor `page.16' on input line 48.
 [16
Package `hyperref' Info: End of reference (cite) `cite.DaSilva2024Multi-objective', line 35.
Package `hyperref' Info: End of reference (cite) `cite.Audet2018Performance', line 38.
Package `hyperref' Info: End of reference (cite) `cite.Nikolikj2025Benchmarking', line 39.
]
Package hyperref Info: Anchor `section.3.2' on input line 49.
Package hyperref Info: bookmark on input line 49:
(hyperref)             thecounter {3.2}
(hyperref)             text {\protect \numberline {\csname sectiontocformat\endcsname }\@currenttocentry }
(hyperref)             reference {section.3.2}
(hyperref)             toclevel {1}
(hyperref)             type {toc}.
Package hyperref Info: Anchor `subsection.3.2.1' on input line 52.
Package hyperref Info: bookmark on input line 52:
(hyperref)             thecounter {3.2.1}
(hyperref)             text {\protect \numberline {\csname subsectiontocformat\endcsname }\@currenttocentry }
(hyperref)             reference {subsection.3.2.1}
(hyperref)             toclevel {2}
(hyperref)             type {toc}.
Package hyperref Info: Anchor `equation.3.2.1' on input line 60.
Package hyperref Info: Anchor `equation.3.2.2' on input line 68.
Package hyperref Info: Anchor `equation.3.2.3' on input line 74.
Package hyperref Info: Anchor `page.17' on input line 87.
 [17]
Package hyperref Info: Anchor `subsection.3.2.2' on input line 88.
Package hyperref Info: bookmark on input line 88:
(hyperref)             thecounter {3.2.2}
(hyperref)             text {\protect \numberline {\csname subsectiontocformat\endcsname }\@currenttocentry }
(hyperref)             reference {subsection.3.2.2}
(hyperref)             toclevel {2}
(hyperref)             type {toc}.
Package hyperref Info: Reference (cite) `cite.Ko2020A' on input line 92.
Package hyperref Info: Reference (cite) `cite.Todescato' on input line 92.
Package hyperref Info: Reference (cite) `cite.Wang2024Fin-Bayes:' on input line 94.
Package hyperref Info: Reference (cite) `cite.Wolniakowski2017Task' on input line 105.
Package hyperref Info: Anchor `page.18' on input line 109.
 [18
Package `hyperref' Info: End of reference (cite) `cite.Ko2020A', line 92.
Package `hyperref' Info: End of reference (cite) `cite.Todescato', line 92.
Package `hyperref' Info: End of reference (cite) `cite.Wang2024Fin-Bayes:', line 94.
Package `hyperref' Info: End of reference (cite) `cite.Wolniakowski2017Task', line 105.
]
Package hyperref Info: Anchor `subsection.3.2.3' on input line 110.
Package hyperref Info: bookmark on input line 110:
(hyperref)             thecounter {3.2.3}
(hyperref)             text {\protect \numberline {\csname subsectiontocformat\endcsname }\@currenttocentry }
(hyperref)             reference {subsection.3.2.3}
(hyperref)             toclevel {2}
(hyperref)             type {toc}.
Package hyperref Info: Reference (cite) `cite.Todescato' on input line 114.
Package hyperref Info: Reference (cite) `cite.Wolniakowski2017Task' on input line 114.
Package hyperref Info: Reference (cite) `cite.Weisz2012Pose' on input line 118.
Package hyperref Info: Reference (cite) `cite.madan2022realrobotchallenge2021' on input line 121.
Package hyperref Info: Reference (cite) `cite.Bo2023A' on input line 122.
Package hyperref Info: Reference (cite) `cite.Pinskier2024Diversity-Based' on input line 125.
Package hyperref Info: Reference (cite) `cite.Ko2020A' on input line 129.
Package hyperref Info: Reference (cite) `cite.snuggle_pack' on input line 131.
Package hyperref Info: Anchor `page.19' on input line 133.
 [19
Package `hyperref' Info: End of reference (cite) `cite.Todescato', line 114.
Package `hyperref' Info: End of reference (cite) `cite.Wolniakowski2017Task', line 114.
Package `hyperref' Info: End of reference (cite) `cite.Weisz2012Pose', line 118.
Package `hyperref' Info: End of reference (cite) `cite.madan2022realrobotchallenge2021', line 121.
Package `hyperref' Info: End of reference (cite) `cite.Bo2023A', line 122.
Package `hyperref' Info: End of reference (cite) `cite.Pinskier2024Diversity-Based', line 125.
]
Package hyperref Info: Anchor `section.3.3' on input line 134.
Package hyperref Info: bookmark on input line 134:
(hyperref)             thecounter {3.3}
(hyperref)             text {\protect \numberline {\csname sectiontocformat\endcsname }\@currenttocentry }
(hyperref)             reference {section.3.3}
(hyperref)             toclevel {1}
(hyperref)             type {toc}.
Package hyperref Info: Reference (cite) `cite.pymoo' on input line 144.
Package hyperref Info: Reference (cite) `cite.olson2025ax' on input line 152.
Package hyperref Info: Anchor `page.20' on input line 153.
 [20
Package `hyperref' Info: End of reference (cite) `cite.Ko2020A', line 129.
Package `hyperref' Info: End of reference (cite) `cite.snuggle_pack', line 131.
Package `hyperref' Info: End of reference (cite) `cite.pymoo', line 144.
]
Package hyperref Info: Reference (cite) `cite.olson2025ax' on input line 156.
Package hyperref Info: Reference (cite) `cite.botorch' on input line 156.
Package hyperref Info: Anchor `section.3.4' on input line 160.
Package hyperref Info: bookmark on input line 160:
(hyperref)             thecounter {3.4}
(hyperref)             text {\protect \numberline {\csname sectiontocformat\endcsname }\@currenttocentry }
(hyperref)             reference {section.3.4}
(hyperref)             toclevel {1}
(hyperref)             type {toc}.
Package hyperref Info: Reference (cite) `cite.pymoo' on input line 173.
Package hyperref Info: Anchor `page.21' on input line 174.
 [21
Package `hyperref' Info: End of reference (cite) `cite.olson2025ax', line 152.
Package `hyperref' Info: End of reference (cite) `cite.olson2025ax', line 156.
Package `hyperref' Info: End of reference (cite) `cite.botorch', line 156.
]
Package hyperref Info: Reference (cite) `cite.nsga2' on input line 180.
Package hyperref Info: Reference (cite) `cite.nsga3' on input line 183.
Package hyperref Info: Reference (cite) `cite.moead' on input line 186.
Package hyperref Info: Reference (cite) `cite.smsemoa' on input line 189.
Package hyperref Info: Reference (cite) `cite.cmopso' on input line 192.
Package hyperref Info: Reference (cite) `cite.Doerr2022A' on input line 196.
Package hyperref Info: Reference (cite) `cite.Trivedi2017A' on input line 196.
Package hyperref Info: Reference (cite) `cite.Shang2020A' on input line 196.
Package hyperref Info: Anchor `page.22' on input line 202.
 [22
Package `hyperref' Info: End of reference (cite) `cite.pymoo', line 173.
Package `hyperref' Info: End of reference (cite) `cite.nsga2', line 180.
Package `hyperref' Info: End of reference (cite) `cite.nsga3', line 183.
Package `hyperref' Info: End of reference (cite) `cite.moead', line 186.
Package `hyperref' Info: End of reference (cite) `cite.smsemoa', line 189.
Package `hyperref' Info: End of reference (cite) `cite.cmopso', line 192.
Package `hyperref' Info: End of reference (cite) `cite.Doerr2022A', line 196.
Package `hyperref' Info: End of reference (cite) `cite.Trivedi2017A', line 196.
Package `hyperref' Info: End of reference (cite) `cite.Shang2020A', line 196.
]
Package hyperref Info: Anchor `section.3.5' on input line 203.
Package hyperref Info: bookmark on input line 203:
(hyperref)             thecounter {3.5}
(hyperref)             text {\protect \numberline {\csname sectiontocformat\endcsname }\@currenttocentry }
(hyperref)             reference {section.3.5}
(hyperref)             toclevel {1}
(hyperref)             type {toc}.
Package hyperref Info: Reference (cite) `cite.Cenikj2022SELECTOR:' on input line 208.
Package hyperref Info: Reference (cite) `cite.Yazdani2020Benchmarking' on input line 208.
Package hyperref Info: Reference (cite) `cite.Gupta2020Continuous' on input line 214.
Package hyperref Info: Reference (cite) `cite.Cenikj2022SELECTOR:' on input line 219.
Package hyperref Info: Anchor `section.3.6' on input line 221.
Package hyperref Info: bookmark on input line 221:
(hyperref)             thecounter {3.6}
(hyperref)             text {\protect \numberline {\csname sectiontocformat\endcsname }\@currenttocentry }
(hyperref)             reference {section.3.6}
(hyperref)             toclevel {1}
(hyperref)             type {toc}.
Package hyperref Info: Reference (cite) `cite.Bischl2017mlrMBO:' on input line 227.
Package hyperref Info: Anchor `page.23' on input line 229.
 [23
Package `hyperref' Info: End of reference (cite) `cite.Cenikj2022SELECTOR:', line 208.
Package `hyperref' Info: End of reference (cite) `cite.Yazdani2020Benchmarking', line 208.
Package `hyperref' Info: End of reference (cite) `cite.Gupta2020Continuous', line 214.
Package `hyperref' Info: End of reference (cite) `cite.Cenikj2022SELECTOR:', line 219.
]
Package hyperref Info: Anchor `section.3.7' on input line 230.
Package hyperref Info: bookmark on input line 230:
(hyperref)             thecounter {3.7}
(hyperref)             text {\protect \numberline {\csname sectiontocformat\endcsname }\@currenttocentry }
(hyperref)             reference {section.3.7}
(hyperref)             toclevel {1}
(hyperref)             type {toc}.
Package hyperref Info: Reference (cite) `cite.Bouthillier2021Accounting' on input line 236.
Package hyperref Info: Reference (cite) `cite.pymoo' on input line 237.
Package hyperref Info: Reference (cite) `cite.Beiranvand2017Best' on input line 239.
Package hyperref Info: Anchor `section.3.8' on input line 241.
Package hyperref Info: bookmark on input line 241:
(hyperref)             thecounter {3.8}
(hyperref)             text {\protect \numberline {\csname sectiontocformat\endcsname }\@currenttocentry }
(hyperref)             reference {section.3.8}
(hyperref)             toclevel {1}
(hyperref)             type {toc}.
Package hyperref Info: Reference (cite) `cite.Audet2018Performance' on input line 246.
Package hyperref Info: Reference (cite) `cite.Trautmann2009Statistical' on input line 248.
Package hyperref Info: Anchor `page.24' on input line 249.
 [24
Package `hyperref' Info: End of reference (cite) `cite.Bischl2017mlrMBO:', line 227.
Package `hyperref' Info: End of reference (cite) `cite.Bouthillier2021Accounting', line 236.
Package `hyperref' Info: End of reference (cite) `cite.pymoo', line 237.
Package `hyperref' Info: End of reference (cite) `cite.Beiranvand2017Best', line 239.
]) (./chapters/ch-implementation.tex
Package hyperref Info: Anchor `page.25' on input line 1.
 [25
Package `hyperref' Info: End of reference (cite) `cite.Audet2018Performance', line 246.
Package `hyperref' Info: End of reference (cite) `cite.Trautmann2009Statistical', line 248.
]
Package hyperref Info: Anchor `chapter.4' on input line 1.

chapter 4.
Package hyperref Info: bookmark on input line 1:
(hyperref)             thecounter {4}
(hyperref)             text {\protect \numberline {\csname \@ifundefined {chaptertocformat}{thechapter}{chaptertocformat}\endcsname }\@currenttocentry }
(hyperref)             reference {chapter.4}
(hyperref)             toclevel {0}
(hyperref)             type {toc}.
(./chapters/implementation-subsections/implementation_multi_sc.tex
Package hyperref Info: Anchor `section.4.1' on input line 2.
Package hyperref Info: bookmark on input line 2:
(hyperref)             thecounter {4.1}
(hyperref)             text {\protect \numberline {\csname sectiontocformat\endcsname }\@currenttocentry }
(hyperref)             reference {section.4.1}
(hyperref)             toclevel {1}
(hyperref)             type {toc}.
Package hyperref Info: Reference (cite) `cite.pymoo' on input line 7.
Package hyperref Info: Reference (cite) `cite.olson2025ax' on input line 9.
Package hyperref Info: Reference (cite) `cite.botorch' on input line 9.
Package hyperref Info: Anchor `subsection.4.1.1' on input line 18.
Package hyperref Info: bookmark on input line 18:
(hyperref)             thecounter {4.1.1}
(hyperref)             text {\protect \numberline {\csname subsectiontocformat\endcsname }\@currenttocentry }
(hyperref)             reference {subsection.4.1.1}
(hyperref)             toclevel {2}
(hyperref)             type {toc}.
Package hyperref Info: Anchor `page.26' on input line 25.
 [26


Package `hyperref' Info: End of reference (cite) `cite.pymoo', line 7.
Package `hyperref' Info: End of reference (cite) `cite.olson2025ax', line 9.
Package `hyperref' Info: End of reference (cite) `cite.botorch', line 9.
]
Package hyperref Info: Anchor `equation.4.1.1' on input line 29.
Package hyperref Info: Anchor `equation.4.1.2' on input line 39.
Package hyperref Info: Anchor `equation.4.1.3' on input line 52.
Package hyperref Info: Anchor `equation.4.1.4' on input line 62.
Package hyperref Info: Anchor `page.27' on input line 64.
 [27]
Package hyperref Info: Anchor `equation.4.1.5' on input line 66.
Package hyperref Info: Anchor `paragraph*.47' on input line 72.
Package hyperref Info: Anchor `section*.46' on input line 73.
Package hyperref Info: bookmark on input line 73:
(hyperref)             thecounter {4.1.1.0.0}
(hyperref)             text {\protect \nonumberline \@currenttocentry }
(hyperref)             reference {paragraph*.47}
(hyperref)             toclevel {4}
(hyperref)             type {toc}.
Package hyperref Info: Reference (cite) `cite.madan2022realrobotchallenge2021' on input line 74.
Package hyperref Info: Anchor `subsection.4.1.2' on input line 78.
Package hyperref Info: bookmark on input line 78:
(hyperref)             thecounter {4.1.2}
(hyperref)             text {\protect \numberline {\csname subsectiontocformat\endcsname }\@currenttocentry }
(hyperref)             reference {subsection.4.1.2}
(hyperref)             toclevel {2}
(hyperref)             type {toc}.
Package hyperref Info: Anchor `equation.4.1.6' on input line 81.
Package hyperref Info: Anchor `equation.4.1.7' on input line 86.
Package hyperref Info: Anchor `equation.4.1.8' on input line 90.
Package hyperref Info: Anchor `page.28' on input line 92.
 [28
Package `hyperref' Info: End of reference (cite) `cite.madan2022realrobotchallenge2021', line 74.
]
Package hyperref Info: Anchor `subsection.4.1.3' on input line 109.
Package hyperref Info: bookmark on input line 109:
(hyperref)             thecounter {4.1.3}
(hyperref)             text {\protect \numberline {\csname subsectiontocformat\endcsname }\@currenttocentry }
(hyperref)             reference {subsection.4.1.3}
(hyperref)             toclevel {2}
(hyperref)             type {toc}.
Package hyperref Info: Anchor `page.29' on input line 120.
 [29]
Package hyperref Info: Anchor `equation.4.1.9' on input line 142.
Package hyperref Info: Anchor `subsubsection*.49' on input line 150.
Package hyperref Info: Anchor `section*.48' on input line 150.
Package hyperref Info: bookmark on input line 150:
(hyperref)             thecounter {4.1.3.0}
(hyperref)             text {\protect \nonumberline \@currenttocentry }
(hyperref)             reference {subsubsection*.49}
(hyperref)             toclevel {3}
(hyperref)             type {toc}.
Package hyperref Info: bookmark on input line 156:
(hyperref)             thecounter {4.1}
(hyperref)             text {\protect \numberline {\csname the\@captype \endcsname }{\ignorespaces Supported multi-objective optimization methods.}}
(hyperref)             reference {table.4.1}
(hyperref)             toclevel {1}
(hyperref)             type {lot}.
Package hyperref Info: Anchor `table.4.1' on input line 156.
Package hyperref Info: Anchor `table.4.1' on input line 156.
Package hyperref Info: Reference (cite) `cite.nsga2' on input line 170.
Package hyperref Info: Reference (cite) `cite.nsga3' on input line 170.
Package hyperref Info: Reference (cite) `cite.moead' on input line 170.
Package hyperref Info: Reference (cite) `cite.smsemoa' on input line 170.
Package hyperref Info: Reference (cite) `cite.olson2025ax' on input line 170.
Package hyperref Info: Reference (cite) `cite.botorch' on input line 170.
Package hyperref Info: Anchor `page.30' on input line 171.
 [30]
Package hyperref Info: Reference (cite) `cite.das_dennis' on input line 174.
Package hyperref Info: Anchor `equation.4.1.10' on input line 175.
Package hyperref Info: Anchor `Item.1' on input line 186.
Package hyperref Info: Anchor `Item.2' on input line 187.
Package hyperref Info: Anchor `Item.3' on input line 188.
Package hyperref Info: Anchor `page.31' on input line 199.
 [31
Package `hyperref' Info: End of reference (cite) `cite.nsga2', line 170.
Package `hyperref' Info: End of reference (cite) `cite.nsga3', line 170.
Package `hyperref' Info: End of reference (cite) `cite.moead', line 170.
Package `hyperref' Info: End of reference (cite) `cite.smsemoa', line 170.
Package `hyperref' Info: End of reference (cite) `cite.olson2025ax', line 170.
Package `hyperref' Info: End of reference (cite) `cite.botorch', line 170.
Package `hyperref' Info: End of reference (cite) `cite.das_dennis', line 174.
]
Package hyperref Info: Anchor `subsection.4.1.4' on input line 200.
Package hyperref Info: bookmark on input line 200:
(hyperref)             thecounter {4.1.4}
(hyperref)             text {\protect \numberline {\csname subsectiontocformat\endcsname }\@currenttocentry }
(hyperref)             reference {subsection.4.1.4}
(hyperref)             toclevel {2}
(hyperref)             type {toc}.
Package hyperref Info: Anchor `subsubsection*.51' on input line 204.
Package hyperref Info: Anchor `section*.50' on input line 204.
Package hyperref Info: bookmark on input line 204:
(hyperref)             thecounter {4.1.4.0}
(hyperref)             text {\protect \nonumberline \@currenttocentry }
(hyperref)             reference {subsubsection*.51}
(hyperref)             toclevel {3}
(hyperref)             type {toc}.
Package hyperref Info: Anchor `equation.4.1.11' on input line 208.
Package hyperref Info: Anchor `subsubsection*.53' on input line 219.
Package hyperref Info: Anchor `section*.52' on input line 219.
Package hyperref Info: bookmark on input line 219:
(hyperref)             thecounter {4.1.4.0}
(hyperref)             text {\protect \nonumberline \@currenttocentry }
(hyperref)             reference {subsubsection*.53}
(hyperref)             toclevel {3}
(hyperref)             type {toc}.
Package hyperref Info: Anchor `equation.4.1.12' on input line 223.
Package hyperref Info: Anchor `page.32' on input line 233.
 [32]
Package hyperref Info: Anchor `subsection.4.1.5' on input line 239.
Package hyperref Info: bookmark on input line 239:
(hyperref)             thecounter {4.1.5}
(hyperref)             text {\protect \numberline {\csname subsectiontocformat\endcsname }\@currenttocentry }
(hyperref)             reference {subsection.4.1.5}
(hyperref)             toclevel {2}
(hyperref)             type {toc}.
Package hyperref Info: Anchor `equation.4.1.13' on input line 248.
Package hyperref Info: Anchor `equation.4.1.14' on input line 263.
Package hyperref Info: Anchor `page.33' on input line 270.
 [33]
Package hyperref Info: Anchor `subsubsection*.55' on input line 275.
Package hyperref Info: Anchor `section*.54' on input line 275.
Package hyperref Info: bookmark on input line 275:
(hyperref)             thecounter {4.1.5.0}
(hyperref)             text {\protect \nonumberline \@currenttocentry }
(hyperref)             reference {subsubsection*.55}
(hyperref)             toclevel {3}
(hyperref)             type {toc}.
Package hyperref Info: Anchor `Item.4' on input line 283.
Package hyperref Info: Reference (cite) `cite.Kleeberger' on input line 286.
Package hyperref Info: Reference (cite) `cite.SC_quasi_static' on input line 292.
Package hyperref Info: Anchor `Item.5' on input line 305.
Package hyperref Info: Anchor `page.34' on input line 307.
 [34
Package `hyperref' Info: End of reference (cite) `cite.Kleeberger', line 286.
Package `hyperref' Info: End of reference (cite) `cite.SC_quasi_static', line 292.
]
Package hyperref Info: Anchor `equation.4.1.15' on input line 313.
Package hyperref Info: Anchor `equation.4.1.16' on input line 320.
Package hyperref Info: Anchor `equation.4.1.17' on input line 324.
Package hyperref Info: Anchor `equation.4.1.18' on input line 342.
Package hyperref Info: Anchor `page.35' on input line 344.
 [35]
Package hyperref Info: Anchor `Item.6' on input line 353.
Package hyperref Info: Anchor `equation.4.1.19' on input line 358.
Package hyperref Info: Anchor `Item.7' on input line 371.
Package hyperref Info: Anchor `equation.4.1.20' on input line 377.
Package hyperref Info: Anchor `equation.4.1.21' on input line 381.
Package hyperref Info: Anchor `equation.4.1.22' on input line 386.
Package hyperref Info: Anchor `page.36' on input line 388.
 [36]
Package hyperref Info: Anchor `equation.4.1.23' on input line 390.
Package hyperref Info: Anchor `equation.4.1.24' on input line 396.
Package hyperref Info: Anchor `equation.4.1.25' on input line 406.
Package hyperref Info: Anchor `equation.4.1.26' on input line 417.
Package hyperref Info: Anchor `equation.4.1.27' on input line 421.
Package hyperref Info: Anchor `page.37' on input line 431.
 [37]
Package hyperref Info: Anchor `equation.4.1.28' on input line 432.
Package hyperref Info: Anchor `equation.4.1.29' on input line 442.
Package hyperref Info: Anchor `paragraph*.57' on input line 457.
Package hyperref Info: Anchor `section*.56' on input line 458.
Package hyperref Info: bookmark on input line 458:
(hyperref)             thecounter {4.1.5.0.0}
(hyperref)             text {\protect \nonumberline \@currenttocentry }
(hyperref)             reference {paragraph*.57}
(hyperref)             toclevel {4}
(hyperref)             type {toc}.
Package hyperref Info: Anchor `page.38' on input line 475.
 [38]
Package hyperref Info: Anchor `subsubsection*.59' on input line 477.
Package hyperref Info: Anchor `section*.58' on input line 477.
Package hyperref Info: bookmark on input line 477:
(hyperref)             thecounter {4.1.5.0}
(hyperref)             text {\protect \nonumberline \@currenttocentry }
(hyperref)             reference {subsubsection*.59}
(hyperref)             toclevel {3}
(hyperref)             type {toc}.
Package hyperref Info: Anchor `equation.4.1.30' on input line 480.
Package hyperref Info: Anchor `equation.4.1.31' on input line 497.
Package hyperref Info: Anchor `equation.4.1.32' on input line 507.
Package hyperref Info: Anchor `page.39' on input line 519.
 [39]
Package hyperref Info: Anchor `subsection.4.1.6' on input line 519.
Package hyperref Info: bookmark on input line 519:
(hyperref)             thecounter {4.1.6}
(hyperref)             text {\protect \numberline {\csname subsectiontocformat\endcsname }\@currenttocentry }
(hyperref)             reference {subsection.4.1.6}
(hyperref)             toclevel {2}
(hyperref)             type {toc}.
Package hyperref Info: Anchor `subsubsection*.61' on input line 524.
Package hyperref Info: Anchor `section*.60' on input line 524.
Package hyperref Info: bookmark on input line 524:
(hyperref)             thecounter {4.1.6.0}
(hyperref)             text {\protect \nonumberline \@currenttocentry }
(hyperref)             reference {subsubsection*.61}
(hyperref)             toclevel {3}
(hyperref)             type {toc}.
Package hyperref Info: Anchor `equation.4.1.33' on input line 527.
Package hyperref Info: Anchor `subsubsection*.63' on input line 547.
Package hyperref Info: Anchor `section*.62' on input line 547.
Package hyperref Info: bookmark on input line 547:
(hyperref)             thecounter {4.1.6.0}
(hyperref)             text {\protect \nonumberline \@currenttocentry }
(hyperref)             reference {subsubsection*.63}
(hyperref)             toclevel {3}
(hyperref)             type {toc}.
Package hyperref Info: Anchor `equation.4.1.34' on input line 553.
Package hyperref Info: Anchor `page.40' on input line 557.
 [40]
Package hyperref Info: Anchor `equation.4.1.35' on input line 568.
Package hyperref Info: Anchor `equation.4.1.36' on input line 585.
Package hyperref Info: Anchor `subsection.4.1.7' on input line 603.
Package hyperref Info: bookmark on input line 603:
(hyperref)             thecounter {4.1.7}
(hyperref)             text {\protect \numberline {\csname subsectiontocformat\endcsname }\@currenttocentry }
(hyperref)             reference {subsection.4.1.7}
(hyperref)             toclevel {2}
(hyperref)             type {toc}.
Package hyperref Info: bookmark on input line 609:
(hyperref)             thecounter {4.2}
(hyperref)             text {\protect \numberline {\csname the\@captype \endcsname }{\ignorespaces Termination criteria for evolutionary and Bayesian optimization.}}
(hyperref)             reference {table.4.2}
(hyperref)             toclevel {1}
(hyperref)             type {lot}.
Package hyperref Info: Anchor `table.4.2' on input line 609.
Package hyperref Info: Anchor `table.4.2' on input line 609.
Package hyperref Info: Anchor `page.41' on input line 632.
 [41]
Package hyperref Info: Anchor `equation.4.1.37' on input line 643.
Package hyperref Info: Anchor `subsection.4.1.8' on input line 649.
Package hyperref Info: bookmark on input line 649:
(hyperref)             thecounter {4.1.8}
(hyperref)             text {\protect \numberline {\csname subsectiontocformat\endcsname }\@currenttocentry }
(hyperref)             reference {subsection.4.1.8}
(hyperref)             toclevel {2}
(hyperref)             type {toc}.
Package hyperref Info: Reference (cite) `cite.hypervolume' on input line 651.
Package hyperref Info: Anchor `equation.4.1.38' on input line 652.
Package hyperref Info: Anchor `page.42' on input line 654.
 [42]
Package hyperref Info: Anchor `subsection.4.1.9' on input line 663.
Package hyperref Info: bookmark on input line 663:
(hyperref)             thecounter {4.1.9}
(hyperref)             text {\protect \numberline {\csname subsectiontocformat\endcsname }\@currenttocentry }
(hyperref)             reference {subsection.4.1.9}
(hyperref)             toclevel {2}
(hyperref)             type {toc}.
Package hyperref Info: Anchor `equation.4.1.39' on input line 669.
Package hyperref Info: Anchor `subsection.4.1.10' on input line 681.
Package hyperref Info: bookmark on input line 681:
(hyperref)             thecounter {4.1.10}
(hyperref)             text {\protect \numberline {\csname subsectiontocformat\endcsname }\@currenttocentry }
(hyperref)             reference {subsection.4.1.10}
(hyperref)             toclevel {2}
(hyperref)             type {toc}.
Package hyperref Info: Anchor `equation.4.1.40' on input line 684.
Package hyperref Info: Anchor `page.43' on input line 692.
 [43
Package `hyperref' Info: End of reference (cite) `cite.hypervolume', line 651.
]) (./chapters/implementation-subsections/implementation_two_finger.tex
Package hyperref Info: Anchor `section.4.2' on input line 1.
Package hyperref Info: bookmark on input line 1:
(hyperref)             thecounter {4.2}
(hyperref)             text {\protect \numberline {\csname sectiontocformat\endcsname }\@currenttocentry }
(hyperref)             reference {section.4.2}
(hyperref)             toclevel {1}
(hyperref)             type {toc}.
Package hyperref Info: Reference (cite) `cite.pymoo' on input line 7.
Package hyperref Info: Reference (cite) `cite.olson2025ax' on input line 9.
Package hyperref Info: Reference (cite) `cite.botorch' on input line 9.
Package hyperref Info: Reference (cite) `cite.snuggle_pack' on input line 13.
Package hyperref Info: Anchor `page.44' on input line 16.
 [44
Package `hyperref' Info: End of reference (cite) `cite.pymoo', line 7.
Package `hyperref' Info: End of reference (cite) `cite.olson2025ax', line 9.
Package `hyperref' Info: End of reference (cite) `cite.botorch', line 9.
]
Package hyperref Info: Anchor `subsection.4.2.1' on input line 21.
Package hyperref Info: bookmark on input line 21:
(hyperref)             thecounter {4.2.1}
(hyperref)             text {\protect \numberline {\csname subsectiontocformat\endcsname }\@currenttocentry }
(hyperref)             reference {subsection.4.2.1}
(hyperref)             toclevel {2}
(hyperref)             type {toc}.
Package hyperref Info: Anchor `equation.4.2.41' on input line 25.
Package hyperref Info: Anchor `equation.4.2.42' on input line 37.
Package hyperref Info: Reference (link) `table.4.3' on input line 49.
Package hyperref Info: bookmark on input line 53:
(hyperref)             thecounter {4.3}
(hyperref)             text {\protect \numberline {\csname the\@captype \endcsname }{\ignorespaces Decision variables of the two-finger gripper optimization problem.}}
(hyperref)             reference {table.4.3}
(hyperref)             toclevel {1}
(hyperref)             type {lot}.
Package hyperref Info: Anchor `table.4.3' on input line 53.
Package hyperref Info: Anchor `table.4.3' on input line 53.
Package hyperref Info: Anchor `equation.4.2.43' on input line 76.
Package hyperref Info: Anchor `page.45' on input line 84.
 [45
Package `hyperref' Info: End of reference (cite) `cite.snuggle_pack', line 13.
Package `hyperref' Info: End of reference (link) `table.4.3', line 49.
]
Package hyperref Info: Anchor `subsection.4.2.2' on input line 93.
Package hyperref Info: bookmark on input line 93:
(hyperref)             thecounter {4.2.2}
(hyperref)             text {\protect \numberline {\csname subsectiontocformat\endcsname }\@currenttocentry }
(hyperref)             reference {subsection.4.2.2}
(hyperref)             toclevel {2}
(hyperref)             type {toc}.
Package hyperref Info: Anchor `page.46' on input line 113.
 [46]
Package hyperref Info: Anchor `equation.4.2.44' on input line 125.
Package hyperref Info: Anchor `subsubsection*.65' on input line 134.
Package hyperref Info: Anchor `section*.64' on input line 134.
Package hyperref Info: bookmark on input line 134:
(hyperref)             thecounter {4.2.2.0}
(hyperref)             text {\protect \nonumberline \@currenttocentry }
(hyperref)             reference {subsubsection*.65}
(hyperref)             toclevel {3}
(hyperref)             type {toc}.
Package hyperref Info: Reference (link) `table.4.4' on input line 137.
Package hyperref Info: bookmark on input line 140:
(hyperref)             thecounter {4.4}
(hyperref)             text {\protect \numberline {\csname the\@captype \endcsname }{\ignorespaces Supported multi-objective optimization methods for the two-finger gripper.}}
(hyperref)             reference {table.4.4}
(hyperref)             toclevel {1}
(hyperref)             type {lot}.
Package hyperref Info: Anchor `table.4.4' on input line 140.
Package hyperref Info: Anchor `table.4.4' on input line 140.
Package hyperref Info: Reference (cite) `cite.nsga2' on input line 179.
Package hyperref Info: Reference (cite) `cite.nsga3' on input line 179.
Package hyperref Info: Reference (cite) `cite.moead' on input line 179.
Package hyperref Info: Reference (cite) `cite.smsemoa' on input line 179.
Package hyperref Info: Reference (cite) `cite.olson2025ax' on input line 179.
Package hyperref Info: Reference (cite) `cite.botorch' on input line 179.
Package hyperref Info: Reference (cite) `cite.das_dennis' on input line 183.
Package hyperref Info: Anchor `equation.4.2.45' on input line 184.
Package hyperref Info: Anchor `page.47' on input line 195.
 [47
Package `hyperref' Info: End of reference (link) `table.4.4', line 137.
Package `hyperref' Info: End of reference (cite) `cite.das_dennis', line 183.
]
Package hyperref Info: Anchor `Item.8' on input line 197.
Package hyperref Info: Anchor `Item.9' on input line 198.
Package hyperref Info: Anchor `Item.10' on input line 199.
Package hyperref Info: Anchor `subsection.4.2.3' on input line 213.
Package hyperref Info: bookmark on input line 213:
(hyperref)             thecounter {4.2.3}
(hyperref)             text {\protect \numberline {\csname subsectiontocformat\endcsname }\@currenttocentry }
(hyperref)             reference {subsection.4.2.3}
(hyperref)             toclevel {2}
(hyperref)             type {toc}.
Package hyperref Info: Anchor `page.48' on input line 218.
 [48
Package `hyperref' Info: End of reference (cite) `cite.nsga2', line 179.
Package `hyperref' Info: End of reference (cite) `cite.nsga3', line 179.
Package `hyperref' Info: End of reference (cite) `cite.moead', line 179.
Package `hyperref' Info: End of reference (cite) `cite.smsemoa', line 179.
Package `hyperref' Info: End of reference (cite) `cite.olson2025ax', line 179.
Package `hyperref' Info: End of reference (cite) `cite.botorch', line 179.
]
Package hyperref Info: Anchor `subsubsection*.67' on input line 218.
Package hyperref Info: Anchor `section*.66' on input line 218.
Package hyperref Info: bookmark on input line 218:
(hyperref)             thecounter {4.2.3.0}
(hyperref)             text {\protect \nonumberline \@currenttocentry }
(hyperref)             reference {subsubsection*.67}
(hyperref)             toclevel {3}
(hyperref)             type {toc}.
Package hyperref Info: Anchor `equation.4.2.46' on input line 221.
Package hyperref Info: Anchor `subsubsection*.69' on input line 240.
Package hyperref Info: Anchor `section*.68' on input line 240.
Package hyperref Info: bookmark on input line 240:
(hyperref)             thecounter {4.2.3.0}
(hyperref)             text {\protect \nonumberline \@currenttocentry }
(hyperref)             reference {subsubsection*.69}
(hyperref)             toclevel {3}
(hyperref)             type {toc}.
Package hyperref Info: Anchor `equation.4.2.47' on input line 244.
Package hyperref Info: Anchor `equation.4.2.48' on input line 255.
Package hyperref Info: Anchor `page.49' on input line 273.
 [49]
Package hyperref Info: Anchor `subsection.4.2.4' on input line 278.
Package hyperref Info: bookmark on input line 278:
(hyperref)             thecounter {4.2.4}
(hyperref)             text {\protect \numberline {\csname subsectiontocformat\endcsname }\@currenttocentry }
(hyperref)             reference {subsection.4.2.4}
(hyperref)             toclevel {2}
(hyperref)             type {toc}.
Package hyperref Info: Anchor `equation.4.2.49' on input line 283.
Package hyperref Info: Reference (cite) `cite.cadquery2026' on input line 296.
Package hyperref Info: Anchor `subsubsection*.71' on input line 299.
Package hyperref Info: Anchor `section*.70' on input line 299.
Package hyperref Info: bookmark on input line 299:
(hyperref)             thecounter {4.2.4.0}
(hyperref)             text {\protect \nonumberline \@currenttocentry }
(hyperref)             reference {subsubsection*.71}
(hyperref)             toclevel {3}
(hyperref)             type {toc}.
Package hyperref Info: Reference (cite) `cite.snuggle_pack' on input line 306.
Package hyperref Info: Anchor `page.50' on input line 309.
 [50
Package `hyperref' Info: End of reference (cite) `cite.cadquery2026', line 296.
Package `hyperref' Info: End of reference (cite) `cite.snuggle_pack', line 306.
]
Package hyperref Info: Anchor `equation.4.2.50' on input line 312.
Package hyperref Info: Anchor `subsubsection*.73' on input line 337.
Package hyperref Info: Anchor `section*.72' on input line 337.
Package hyperref Info: bookmark on input line 337:
(hyperref)             thecounter {4.2.4.0}
(hyperref)             text {\protect \nonumberline \@currenttocentry }
(hyperref)             reference {subsubsection*.73}
(hyperref)             toclevel {3}
(hyperref)             type {toc}.
Package hyperref Info: Anchor `equation.4.2.51' on input line 343.
Package hyperref Info: Anchor `equation.4.2.52' on input line 350.
Package hyperref Info: Anchor `page.51' on input line 363.
 [51]
Package hyperref Info: Anchor `equation.4.2.53' on input line 366.
Package hyperref Info: Anchor `equation.4.2.54' on input line 383.
Package hyperref Info: Anchor `equation.4.2.55' on input line 396.
Package hyperref Info: Anchor `equation.4.2.56' on input line 400.
Package hyperref Info: Anchor `page.52' on input line 407.
 [52]
Package hyperref Info: Anchor `subsection.4.2.5' on input line 407.
Package hyperref Info: bookmark on input line 407:
(hyperref)             thecounter {4.2.5}
(hyperref)             text {\protect \numberline {\csname subsectiontocformat\endcsname }\@currenttocentry }
(hyperref)             reference {subsection.4.2.5}
(hyperref)             toclevel {2}
(hyperref)             type {toc}.
Package hyperref Info: Anchor `Item.11' on input line 416.
Package hyperref Info: Anchor `Item.12' on input line 417.
Package hyperref Info: Anchor `Item.13' on input line 418.
Package hyperref Info: Anchor `Item.14' on input line 419.
Package hyperref Info: Anchor `Item.15' on input line 420.
Package hyperref Info: Anchor `Item.16' on input line 421.
Package hyperref Info: Anchor `Item.17' on input line 422.
Package hyperref Info: Anchor `subsubsection*.75' on input line 425.
Package hyperref Info: Anchor `section*.74' on input line 425.
Package hyperref Info: bookmark on input line 425:
(hyperref)             thecounter {4.2.5.0}
(hyperref)             text {\protect \nonumberline \@currenttocentry }
(hyperref)             reference {subsubsection*.75}
(hyperref)             toclevel {3}
(hyperref)             type {toc}.
Package hyperref Info: Anchor `equation.4.2.57' on input line 432.
Package hyperref Info: Anchor `page.53' on input line 440.
 [53]
Package hyperref Info: Anchor `subsubsection*.77' on input line 451.
Package hyperref Info: Anchor `section*.76' on input line 451.
Package hyperref Info: bookmark on input line 451:
(hyperref)             thecounter {4.2.5.0}
(hyperref)             text {\protect \nonumberline \@currenttocentry }
(hyperref)             reference {subsubsection*.77}
(hyperref)             toclevel {3}
(hyperref)             type {toc}.
Package hyperref Info: Anchor `equation.4.2.58' on input line 455.
Package hyperref Info: Anchor `equation.4.2.59' on input line 475.
Package hyperref Info: Anchor `page.54' on input line 485.
 [54]
Package hyperref Info: Anchor `equation.4.2.60' on input line 491.
Package hyperref Info: Anchor `subsection.4.2.6' on input line 511.
Package hyperref Info: bookmark on input line 511:
(hyperref)             thecounter {4.2.6}
(hyperref)             text {\protect \numberline {\csname subsectiontocformat\endcsname }\@currenttocentry }
(hyperref)             reference {subsection.4.2.6}
(hyperref)             toclevel {2}
(hyperref)             type {toc}.
Package hyperref Info: bookmark on input line 518:
(hyperref)             thecounter {4.5}
(hyperref)             text {\protect \numberline {\csname the\@captype \endcsname }{\ignorespaces Termination criteria for evolutionary and Bayesian optimization.}}
(hyperref)             reference {table.4.5}
(hyperref)             toclevel {1}
(hyperref)             type {lot}.
Package hyperref Info: Anchor `table.4.5' on input line 518.
Package hyperref Info: Anchor `table.4.5' on input line 518.
Package hyperref Info: Anchor `equation.4.2.61' on input line 552.
Package hyperref Info: Anchor `subsection.4.2.7' on input line 558.
Package hyperref Info: bookmark on input line 558:
(hyperref)             thecounter {4.2.7}
(hyperref)             text {\protect \numberline {\csname subsectiontocformat\endcsname }\@currenttocentry }
(hyperref)             reference {subsection.4.2.7}
(hyperref)             toclevel {2}
(hyperref)             type {toc}.
Package hyperref Info: Reference (cite) `cite.hypervolume' on input line 561.
Package hyperref Info: Anchor `equation.4.2.62' on input line 564.
Package hyperref Info: Anchor `page.55' on input line 564.
 [55]
Package hyperref Info: Anchor `equation.4.2.63' on input line 573.
Package hyperref Info: Anchor `equation.4.2.64' on input line 586.
Package hyperref Info: Anchor `page.56' on input line 594.
 [56
Package `hyperref' Info: End of reference (cite) `cite.hypervolume', line 561.
]
Package hyperref Info: Anchor `equation.4.2.65' on input line 609.
Package hyperref Info: Anchor `subsection.4.2.8' on input line 622.
Package hyperref Info: bookmark on input line 622:
(hyperref)             thecounter {4.2.8}
(hyperref)             text {\protect \numberline {\csname subsectiontocformat\endcsname }\@currenttocentry }
(hyperref)             reference {subsection.4.2.8}
(hyperref)             toclevel {2}
(hyperref)             type {toc}.
Package hyperref Info: Anchor `equation.4.2.66' on input line 630.
Package hyperref Info: Anchor `page.57' on input line 637.
 [57]
Package hyperref Info: Anchor `subsection.4.2.9' on input line 664.
Package hyperref Info: bookmark on input line 664:
(hyperref)             thecounter {4.2.9}
(hyperref)             text {\protect \numberline {\csname subsectiontocformat\endcsname }\@currenttocentry }
(hyperref)             reference {subsection.4.2.9}
(hyperref)             toclevel {2}
(hyperref)             type {toc}.
Package hyperref Info: Anchor `equation.4.2.67' on input line 669.
Package hyperref Info: Anchor `page.58' on input line 678.
 [58]
Package hyperref Info: Anchor `equation.4.2.68' on input line 680.
Package hyperref Info: Anchor `equation.4.2.69' on input line 686.
)) (./chapters/ch-validation.tex
Package hyperref Info: Anchor `page.59' on input line 1.
 [59]
Package hyperref Info: Anchor `chapter.5' on input line 1.

chapter 5.
Package hyperref Info: bookmark on input line 1:
(hyperref)             thecounter {5}
(hyperref)             text {\protect \numberline {\csname \@ifundefined {chaptertocformat}{thechapter}{chaptertocformat}\endcsname }\@currenttocentry }
(hyperref)             reference {chapter.5}
(hyperref)             toclevel {0}
(hyperref)             type {toc}.
Package hyperref Info: Anchor `section.5.1' on input line 4.
Package hyperref Info: bookmark on input line 4:
(hyperref)             thecounter {5.1}
(hyperref)             text {\protect \numberline {\csname sectiontocformat\endcsname }\@currenttocentry }
(hyperref)             reference {section.5.1}
(hyperref)             toclevel {1}
(hyperref)             type {toc}.
Package hyperref Info: Anchor `section.5.2' on input line 6.
Package hyperref Info: bookmark on input line 6:
(hyperref)             thecounter {5.2}
(hyperref)             text {\protect \numberline {\csname sectiontocformat\endcsname }\@currenttocentry }
(hyperref)             reference {section.5.2}
(hyperref)             toclevel {1}
(hyperref)             type {toc}.
) (./chapters/ch-evaluation.tex
Package hyperref Info: Anchor `page.60' on input line 1.
 [60


]
Package hyperref Info: Anchor `chapter.6' on input line 1.

chapter 6.
Package hyperref Info: bookmark on input line 1:
(hyperref)             thecounter {6}
(hyperref)             text {\protect \numberline {\csname \@ifundefined {chaptertocformat}{thechapter}{chaptertocformat}\endcsname }\@currenttocentry }
(hyperref)             reference {chapter.6}
(hyperref)             toclevel {0}
(hyperref)             type {toc}.
Package hyperref Info: Anchor `section.6.1' on input line 4.
Package hyperref Info: bookmark on input line 4:
(hyperref)             thecounter {6.1}
(hyperref)             text {\protect \numberline {\csname sectiontocformat\endcsname }\@currenttocentry }
(hyperref)             reference {section.6.1}
(hyperref)             toclevel {1}
(hyperref)             type {toc}.
Package hyperref Info: Anchor `subsection.6.1.1' on input line 5.
Package hyperref Info: bookmark on input line 5:
(hyperref)             thecounter {6.1.1}
(hyperref)             text {\protect \numberline {\csname subsectiontocformat\endcsname }\@currenttocentry }
(hyperref)             reference {subsection.6.1.1}
(hyperref)             toclevel {2}
(hyperref)             type {toc}.
Package hyperref Info: Anchor `subsection.6.1.2' on input line 6.
Package hyperref Info: bookmark on input line 6:
(hyperref)             thecounter {6.1.2}
(hyperref)             text {\protect \numberline {\csname subsectiontocformat\endcsname }\@currenttocentry }
(hyperref)             reference {subsection.6.1.2}
(hyperref)             toclevel {2}
(hyperref)             type {toc}.
Package hyperref Info: Anchor `section.6.2' on input line 8.
Package hyperref Info: bookmark on input line 8:
(hyperref)             thecounter {6.2}
(hyperref)             text {\protect \numberline {\csname sectiontocformat\endcsname }\@currenttocentry }
(hyperref)             reference {section.6.2}
(hyperref)             toclevel {1}
(hyperref)             type {toc}.
Package hyperref Info: Anchor `subsection.6.2.1' on input line 9.
Package hyperref Info: bookmark on input line 9:
(hyperref)             thecounter {6.2.1}
(hyperref)             text {\protect \numberline {\csname subsectiontocformat\endcsname }\@currenttocentry }
(hyperref)             reference {subsection.6.2.1}
(hyperref)             toclevel {2}
(hyperref)             type {toc}.
Package hyperref Info: Anchor `subsection.6.2.2' on input line 10.
Package hyperref Info: bookmark on input line 10:
(hyperref)             thecounter {6.2.2}
(hyperref)             text {\protect \numberline {\csname subsectiontocformat\endcsname }\@currenttocentry }
(hyperref)             reference {subsection.6.2.2}
(hyperref)             toclevel {2}
(hyperref)             type {toc}.
) (./chapters/ch-summary.tex
Package hyperref Info: Anchor `page.61' on input line 1.
 [61


]
Package hyperref Info: Anchor `chapter.7' on input line 1.

chapter 7.
Package hyperref Info: bookmark on input line 1:
(hyperref)             thecounter {7}
(hyperref)             text {\protect \numberline {\csname \@ifundefined {chaptertocformat}{thechapter}{chaptertocformat}\endcsname }\@currenttocentry }
(hyperref)             reference {chapter.7}
(hyperref)             toclevel {0}
(hyperref)             type {toc}.
Package hyperref Info: Anchor `section.7.1' on input line 5.
Package hyperref Info: bookmark on input line 5:
(hyperref)             thecounter {7.1}
(hyperref)             text {\protect \numberline {\csname sectiontocformat\endcsname }\@currenttocentry }
(hyperref)             reference {section.7.1}
(hyperref)             toclevel {1}
(hyperref)             type {toc}.
Package hyperref Info: Anchor `section.7.2' on input line 7.
Package hyperref Info: bookmark on input line 7:
(hyperref)             thecounter {7.2}
(hyperref)             text {\protect \numberline {\csname sectiontocformat\endcsname }\@currenttocentry }
(hyperref)             reference {section.7.2}
(hyperref)             toclevel {1}
(hyperref)             type {toc}.
Package hyperref Info: Anchor `section.7.3' on input line 9.
Package hyperref Info: bookmark on input line 9:
(hyperref)             thecounter {7.3}
(hyperref)             text {\protect \numberline {\csname sectiontocformat\endcsname }\@currenttocentry }
(hyperref)             reference {section.7.3}
(hyperref)             toclevel {1}
(hyperref)             type {toc}.
))
Package hyperref Info: Anchor `page.62' on input line 54.
 [62


]
\openout2 = `chapters/ch-zz-anhang.aux'.

 (./chapters/ch-zz-anhang.tex
Package hyperref Info: Anchor `appendix.A' on input line 1.

chapter A.
Package hyperref Info: bookmark on input line 1:
(hyperref)             thecounter {A}
(hyperref)             text {\protect \numberline {\csname \@ifundefined {chaptertocformat}{thechapter}{chaptertocformat}\endcsname }\@currenttocentry }
(hyperref)             reference {appendix.A}
(hyperref)             toclevel {0}
(hyperref)             type {toc}.
)
Package hyperref Info: Anchor `page.63' on input line 58.
 [63





] (./vorlage.bbl
chapter without number
Package hyperref Info: Anchor `chapter*.78' on input line 2.
Package hyperref Info: bookmark on input line 2:
(hyperref)             thecounter {A}
(hyperref)             text {\protect \nonumberline \@currenttocentry }
(hyperref)             reference {chapter*.78}
(hyperref)             toclevel {0}
(hyperref)             type {toc}.
Package hyperref Info: Anchor `cite.Todescato' on input line 23.
Package hyperref Info: Anchor `cite.Dinakaran2022A' on input line 26.
Package hyperref Info: Anchor `cite.Kang2019Design' on input line 29.
Package hyperref Info: Anchor `cite.Courchesne2023A' on input line 32.
Package hyperref Info: Anchor `cite.Liu2024Topology' on input line 35.
Package hyperref Info: Anchor `cite.Doerterler2021Analyzing' on input line 38.
Package hyperref Info: Anchor `cite.Guo2022Evolutionary' on input line 41.
Package hyperref Info: Anchor `page.64' on input line 43.
[64




]
Package hyperref Info: Anchor `cite.Liu2022Simulation' on input line 44.
Package hyperref Info: Anchor `cite.Santoni2023Comparison' on input line 47.
Package hyperref Info: Anchor `cite.Mueller2017SOCEMO' on input line 50.
Package hyperref Info: Anchor `cite.Raponi2023Optimizing' on input line 53.
Package hyperref Info: Anchor `cite.Datta2011Optimizing' on input line 56.
Package hyperref Info: Anchor `cite.Belakaria2020Uncertainty-Aware' on input line 59.
Package hyperref Info: Anchor `cite.pymoo' on input line 62.
Package hyperref Info: Anchor `cite.Audet2018Performance' on input line 65.
Package hyperref Info: Anchor `page.65' on input line 68.
 [65]
Package hyperref Info: Anchor `cite.Audet2017Derivative-Free' on input line 68.
Package hyperref Info: Anchor `cite.Jones2022Constrained' on input line 71.
Package hyperref Info: Anchor `cite.Deb2011Multi-objective' on input line 74.
Package hyperref Info: Anchor `cite.Gunantara2018A' on input line 77.
Package hyperref Info: Anchor `cite.Shang2021A' on input line 80.
Package hyperref Info: Anchor `cite.Abulail2025Enhanced' on input line 83.
Package hyperref Info: Anchor `cite.Ishibuchi2017Performance' on input line 86.
Package hyperref Info: Anchor `cite.Li2015An' on input line 89.
Package hyperref Info: Anchor `cite.Frazier2018A' on input line 92.
Package hyperref Info: Anchor `cite.Candelieri2021A' on input line 95.
Package hyperref Info: Anchor `cite.Wang2022Recent' on input line 98.
Package hyperref Info: Anchor `page.66' on input line 100.
 [66]
Package hyperref Info: Anchor `cite.olson2025ax' on input line 101.
Package hyperref Info: Anchor `cite.Sivaprasad2019Optimizer' on input line 106.
Package hyperref Info: Anchor `cite.Ishibuchi2022Difficulties' on input line 109.
Package hyperref Info: Anchor `cite.Probst2018Tunability:' on input line 112.
Package hyperref Info: Anchor `cite.nsga2' on input line 115.
Package hyperref Info: Anchor `cite.nsga3' on input line 118.
Package hyperref Info: Anchor `cite.smsemoa' on input line 121.
Package hyperref Info: Anchor `cite.cmopso' on input line 124.
Package hyperref Info: Anchor `page.67' on input line 128.
 [67
Package `hyperref' Info: End of reference (link) `table.4.4', line 137.
]
Package hyperref Info: Anchor `cite.Prattichizzo2014Robot' on input line 129.
Package hyperref Info: Anchor `cite.Nguyen1986Constructing' on input line 132.
Package hyperref Info: Anchor `cite.Peyre2010Geodesic' on input line 135.
Package hyperref Info: Anchor `cite.Eilers1996Flexible' on input line 138.
Package hyperref Info: Anchor `cite.Hasan2024B-spline' on input line 141.
Package hyperref Info: Anchor `cite.Chapelier2022Spline-based' on input line 144.
Package hyperref Info: Anchor `cite.Schillinger2023Model-Free' on input line 147.
Package hyperref Info: Anchor `cite.Geng2025Experimental' on input line 150.
Package hyperref Info: Anchor `cite.Lee2024Grasp' on input line 153.
Package hyperref Info: Anchor `page.68' on input line 155.
 [68
Package `hyperref' Info: End of reference (link) `table.4.4', line 137.
]
Package hyperref Info: Anchor `cite.Sun2022LARG:' on input line 156.
Package hyperref Info: Anchor `cite.Dong2018Geometric' on input line 159.
Package hyperref Info: Anchor `cite.Xie2024Design' on input line 162.
Package hyperref Info: Anchor `cite.DaSilva2024Multi-objective' on input line 165.
Package hyperref Info: Anchor `cite.Nikolikj2025Benchmarking' on input line 168.
Package hyperref Info: Anchor `cite.Ko2020A' on input line 171.
Package hyperref Info: Anchor `cite.Wang2024Fin-Bayes:' on input line 174.
Package hyperref Info: Anchor `cite.Wolniakowski2017Task' on input line 177.
Package hyperref Info: Anchor `page.69' on input line 179.
 [69]
Package hyperref Info: Anchor `cite.Weisz2012Pose' on input line 180.
Package hyperref Info: Anchor `cite.madan2022realrobotchallenge2021' on input line 183.
Package hyperref Info: Anchor `cite.Bo2023A' on input line 188.
Package hyperref Info: Anchor `cite.Pinskier2024Diversity-Based' on input line 191.
Package hyperref Info: Anchor `cite.snuggle_pack' on input line 194.
Package hyperref Info: Anchor `cite.botorch' on input line 197.
Package hyperref Info: Anchor `cite.moead' on input line 202.
Package hyperref Info: Anchor `cite.Doerr2022A' on input line 205.
Package hyperref Info: Anchor `page.70' on input line 207.
 [70
Package `hyperref' Info: End of reference (link) `table.4.4', line 137.
Package `hyperref' Info: End of reference (link) `table.4.4', line 137.
]
Package hyperref Info: Anchor `cite.Trivedi2017A' on input line 208.
Package hyperref Info: Anchor `cite.Shang2020A' on input line 211.
Package hyperref Info: Anchor `cite.Cenikj2022SELECTOR:' on input line 214.
Package hyperref Info: Anchor `cite.Yazdani2020Benchmarking' on input line 217.
Package hyperref Info: Anchor `cite.Gupta2020Continuous' on input line 220.
Package hyperref Info: Anchor `cite.Bischl2017mlrMBO:' on input line 223.
Package hyperref Info: Anchor `cite.Bouthillier2021Accounting' on input line 226.
Package hyperref Info: Anchor `page.71' on input line 229.
 [71]
Package hyperref Info: Anchor `cite.Beiranvand2017Best' on input line 229.
Package hyperref Info: Anchor `cite.Trautmann2009Statistical' on input line 232.
Package hyperref Info: Anchor `cite.das_dennis' on input line 235.
Package hyperref Info: Anchor `cite.Kleeberger' on input line 240.
Package hyperref Info: Anchor `cite.SC_quasi_static' on input line 243.
Package hyperref Info: Anchor `cite.hypervolume' on input line 246.
Package hyperref Info: Anchor `cite.cadquery2026' on input line 251.
)
Package hyperref Info: Anchor `page.72' on input line 68.
 [72
Package `hyperref' Info: End of reference (link) `table.4.4', line 137.
Package `hyperref' Info: End of reference (link) `table.4.4', line 137.
Package `hyperref' Info: End of reference (link) `table.4.4', line 137.
] (./vorlage.aux (./chapters/ch-aa-titel.aux) (./chapters/ch-aa-vorspiel.aux) (./chapters/ch-aa-zusfasg.aux) (./chapters/ch-hauptteil.aux) (./chapters/ch-zz-anhang.aux))
 ***********
LaTeX2e <2023-11-01> patch level 1
L3 programming layer <2024-01-22>
 ***********
Package rerunfilecheck Info: File `vorlage.out' has not changed.
(rerunfilecheck)             Checksum: D41D8CD98F00B204E9800998ECF8427E;0.
 ) 
Here is how much of TeX's memory you used:
 21208 strings out of 474222
 394263 string characters out of 5748733
 1941975 words of memory out of 5000000
 42560 multiletter control sequences out of 15000+600000
 660633 words of font info for 111 fonts, out of 8000000 for 9000
 1142 hyphenation exceptions out of 8191
 112i,21n,110p,10981b,899s stack positions out of 10000i,1000n,20000p,200000b,200000s
</usr/share/texmf/fonts/type1/public/lm/lmbx10.pfb></usr/share/texmf/fonts/type1/public/lm/lmbx8.pfb></usr/share/texmf/fonts/type1/public/lm/lmex10.pfb></usr/share/texmf/fonts/type1/public/lm/lmmi10.pfb></usr/share/texmf/fonts/type1/public/lm/lmmi8.pfb></usr/share/texmf/fonts/type1/public/lm/lmmib10.pfb></usr/share/texmf/fonts/type1/public/lm/lmr10.pfb></usr/share/texmf/fonts/type1/public/lm/lmr6.pfb></usr/share/texmf/fonts/type1/public/lm/lmr8.pfb></usr/share/texmf/fonts/type1/public/lm/lmri10.pfb></usr/share/texmf/fonts/type1/public/lm/lmro10.pfb></usr/share/texmf/fonts/type1/public/lm/lmss10.pfb></usr/share/texmf/fonts/type1/public/lm/lmss12.pfb></usr/share/texmf/fonts/type1/public/lm/lmss17.pfb></usr/share/texmf/fonts/type1/public/lm/lmssbo10.pfb></usr/share/texmf/fonts/type1/public/lm/lmssbx10.pfb></usr/share/texmf/fonts/type1/public/lm/lmsso10.pfb></usr/share/texmf/fonts/type1/public/lm/lmsy10.pfb></usr/share/texmf/fonts/type1/public/lm/lmsy8.pfb></usr/share/texmf/fonts/type1/public/lm/lmtt10.pfb></usr/share/texlive/texmf-dist/fonts/type1/public/amsfonts/symbols/msbm10.pfb>
Output written on vorlage.pdf (85 pages, 595239 bytes).
PDF statistics:
 1322 PDF objects out of 1440 (max. 8388607)
 1148 compressed objects within 12 object streams
 398 named destinations out of 1000 (max. 500000)
 515 words of extra memory for PDF output out of 10000 (max. 10000000)

